ID,NAME,xcoord,ycoord
1,Atlantis,18.491651000577,-33.5639050003842
2,Arion,18.4962009993589,-33.5590790000669
3,Charel Uys North,18.493862000137,-33.5556980004651
4,Montreal,18.4934880000225,-33.5521349993791
5,Tsitsikamma,18.4944239998651,-33.5474980001081
6,Silverstream,18.4826680004798,-33.5205069996256
7,PM Louw,18.477772999369,-33.5171260004898
8,Enon,18.4748429996598,-33.5131880001413
9,Goedverwacht,18.4710100000646,-33.5130619996001
10,Paradise,18.4664679994253,-33.512882999483
11,Crown,18.4639100004657,-33.5140250001812
12,Crown,18.4639100004657,-33.5140250001812
13,Paradise,18.4662099996118,-33.5132240005545
14,Goedverwacht,18.4720189995376,-33.5123440005464
15,Enon,18.474575000593,-33.5127810003185
16,PM Louw,18.4777360002361,-33.517075000321
17,Silverstream,18.4826710005043,-33.5205070002244
18,Tsitsikamma,18.4944240001978,-33.5475500001533
19,Montreal,18.4934870001705,-33.5521379995493
20,Charel Uys North,18.4938700001346,-33.5557150002438
21,Arion,18.4962090001716,-33.5591070003792
22,Atlantis,18.4918109998214,-33.5638499999132
23,Clearwater,18.4974589996385,-33.55426499992
24,Sampson,18.4974000003207,-33.5641069989651
25,Carmel,18.4998950002397,-33.562582999891
26,Caelian,18.5018470006163,-33.5595450000922
27,Harrow,18.5049920006141,-33.5575749998093
28,Malvern,18.5018630000251,-33.5553689996195
29,Deerlodge,18.4977919995189,-33.5513450000838
30,Tsitsikamma,18.4944239998651,-33.5474980001081
31,Frans,18.4808240002151,-33.5138870000444
32,Boat Bay,18.3867629996159,-33.9160199996574
33,Knysna,18.5016079996472,-33.5502520007733
34,Denne West,18.4740169997196,-33.5083969991448
35,Sampson,18.4976550004329,-33.5641689997687
36,Carmel,18.4998520003225,-33.5626899997994
37,Caelian,18.5018299999033,-33.5596159993516
38,Harrow,18.5049370009478,-33.5576389994846
39,Malvern,18.5012779996891,-33.5550859998053
40,Deerlodge,18.4978460005266,-33.551401999793
41,Tsitsikamma,18.4944240001978,-33.5475500001533
42,Frans,18.4807669996484,-33.5139780001793
43,Johannes,18.4786830001499,-33.5137730005289
44,Enon,18.474575000593,-33.5127810003185
45,Atlantis,18.491651000577,-33.5639050003842
46,Wesfleur Park,18.4882319994596,-33.5587939996839
47,Saxonsea Primary,18.4886039998457,-33.55505699994
48,Saxonsea Clinic,18.4884319986989,-33.5501819994531
49,Hermes,18.4861859993547,-33.5474900005244
50,Lisboa,18.4841389997194,-33.544660000155
51,Atlantis,18.4918109998214,-33.5638499999132
52,Wesfleur Park,18.4883289995323,-33.5586790003469
53,Soxonsea Primary,18.4887400000398,-33.5554640006631
54,Saxonsea Clinic,18.4885479990009,-33.5503369997189
55,Kehrweider,18.487336999874,-33.5481630001824
56,Magnet,18.4905139996166,-33.5464349999102
57,Mauritius,18.4878390007344,-33.5441380001639
58,Atlantis,18.491651000577,-33.5639050003842
59,Wesfleur Park,18.4882319994596,-33.5587939996839
60,Fernande,18.48856899949,-33.5552570004061
61,Valleyfield,18.4836980007279,-33.5548870005185
62,Goede Hoop,18.4848940000572,-33.5509049999405
63,Saxonsea Clinic,18.4884319986989,-33.5501819994531
64,Hermes,18.4861859993547,-33.5474900005244
65,Lisboa,18.4841389997194,-33.544660000155
66,Lisboa,18.4841389997194,-33.544660000155
67,Mauritius,18.4878390007344,-33.5441380001639
68,Magnet,18.4905139996166,-33.5464349999102
69,Kehrweider,18.487336999874,-33.5481630001824
70,Saxonsea Clinic,18.4885479990009,-33.5503369997189
71,Goede Hoop,18.4848310000905,-33.5508840009777
72,Valleyfield,18.4837009998837,-33.5548880000965
73,Saxonsea Primary,18.4887400000398,-33.5554640006631
74,Wesfleur Park,18.4883289995323,-33.5586790003469
75,Atlantis,18.4918109998214,-33.5638499999132
76,Atlantis,18.4918109998214,-33.5638499999132
77,Parkview,18.488346999985,-33.5655769989953
78,Gothenburg,18.4832479999514,-33.5680760003848
79,Colebrook,18.4822190012221,-33.5707999994028
80,Bengal,18.4860429996676,-33.5714009992281
81,Alberto,18.4901719996833,-33.5719270002393
82,Disa,18.4940000002231,-33.5736480000386
83,Bottlebrush,18.4966719995108,-33.5775890002868
84,Berzelia,18.4924610006289,-33.5777290004741
85,Starke,18.4872200001484,-33.579994999693
86,Charles Duminy,18.4846919993639,-33.5798920008572
87,Tom Henshilwood,18.4829559988578,-33.5832769995641
88,John Van Niekerk,18.4782279992809,-33.5844479999354
89,Neil Hare,18.4744349996766,-33.5870829988851
90,Charles Matthews,18.4814210005446,-33.5912979998202
91,Atlantis,18.4918230004362,-33.5638630002054
92,Lisboa,18.4841389997194,-33.544660000155
93,Starke,18.4872219998857,-33.5799879996143
94,Neil Hare,18.4743170009529,-33.58702500028
95,Charles Matthews,18.4814159993893,-33.5912729999626
96,John Van Niekerk,18.4785570006018,-33.5842950001851
97,Tom Henshilwood,18.4829119994001,-33.583268000384
98,Charles Duminy,18.4842959999369,-33.5801059998026
99,Berzelia,18.4929849992314,-33.5778120007318
100,Bottlebrush,18.4972520002401,-33.5774120003531
101,Disa,18.4938640000423,-33.5735870010882
102,Alberto,18.490294999993,-33.5719829995832
103,Bengal,18.4861130013476,-33.5713930009098
104,Colebrook,18.4822360001976,-33.5709159999479
105,Gothenburg,18.4831939998358,-33.5681929997298
106,Pella North,18.5208419997305,-33.5359259996334
107,Pella Central,18.5206810004562,-33.5388719999446
108,Pella South,18.5196509987486,-33.5424220005925
109,Tsitsikamma,18.4944240001978,-33.5475500001533
110,Montreal,18.4934870001705,-33.5521379995493
111,Charel Uys North,18.4938700001346,-33.5557150002438
112,Arion,18.4962090001716,-33.5591070003792
113,Atlantis,18.4918109998214,-33.5638499999132
114,Atlantis,18.491651000577,-33.5639050003842
115,Arion,18.4962009993589,-33.5590790000669
116,Charel Uys North,18.493862000137,-33.5556980004651
117,Montreal,18.4934880000225,-33.5521349993791
118,Tsitsikamma,18.4944239998651,-33.5474980001081
119,Pella South,18.5201600001716,-33.5423890008408
120,Pella Central,18.5206750007502,-33.5388390000741
121,Pella North,18.5203870005493,-33.5369720007298
122,Atlantis,18.491651000577,-33.5639050003842
123,Brutus,18.4912430005223,-33.5573000005928
124,Sherwood,18.4934580006538,-33.5554979998654
125,Clearwater,18.4975890003551,-33.5542139999761
126,Montezuma,18.500594999363,-33.5525909993263
127,Newlands,18.4984749997376,-33.5511110005607
128,Knysna,18.5016079996472,-33.5502520007733
129,Sherwood,18.4944919997458,-33.5552079998422
130,Brutus,18.4915110002532,-33.5567529995875
131,Atlantis,18.4918109998214,-33.5638499999132
132,Lagan,18.5020149992012,-33.5546700003532
133,Kolgha,18.5041529993925,-33.5540490000547
134,Reygersdal,18.4940510008902,-33.5667140000898
135,Flamingo Park,18.4967070005088,-33.5683059997902
136,Malgas,18.4997120006022,-33.5708520000839
137,Jacana,18.5013830003366,-33.5701629999945
138,Patrys,18.5030559994912,-33.5708809999415
139,Swawel,18.5065599997263,-33.5687750004924
140,Tortelduif,18.5074989992865,-33.565076999956
141,Robinvale,18.5041820001018,-33.5659579994431
142,Curlew,18.4999959991988,-33.5658460008009
143,Sampson,18.4976550004329,-33.5641689997687
144,Atlantis,18.4918230004362,-33.5638630002054
145,Atlantis,18.491651000577,-33.5639050003842
146,Atlantis,18.4918109998214,-33.5638499999132
147,Sampson,18.4974000003207,-33.5641069989651
148,Curlew,18.4996989999706,-33.5655470000695
149,Robinvale,18.5044200002391,-33.5659310007166
150,Patrys,18.5032979996606,-33.5709660007509
151,Swawel,18.5065599996661,-33.5688360005521
152,Tortelduif,18.5068330007513,-33.5650700001147
153,Jacana,18.5014659991404,-33.5702350000569
154,Malgas,18.4997759996026,-33.5708310002312
155,Flamingo Park,18.496879999568,-33.5684869994107
156,Reygersdal,18.4939599991229,-33.5666700005712
157,Atlantis,18.491651000577,-33.5639050003842
158,Atlantis,18.491651000577,-33.5639050003842
159,Arion,18.4962090001716,-33.5591070003792
160,Charel Uys North,18.4938700001346,-33.5557150002438
161,Sherwood,18.4944919997458,-33.5552079998422
162,Clearwater,18.4974589996385,-33.55426499992
163,Lagan,18.5020149992012,-33.5546700003532
164,Kolgha,18.5041529993925,-33.5540490000547
165,Insiswa,18.5046110006656,-33.5512799998464
166,Knysna,18.5016079996472,-33.5502520007733
167,Saxonsea Clinic,18.4884319986989,-33.5501819994531
168,Kehrweider,18.487336999874,-33.5481630001824
169,Magnet,18.4905139996166,-33.5464349999102
170,Mauritius,18.4878390007344,-33.5441380001639
171,Lisboa,18.4841389997194,-33.544660000155
172,Hermes,18.4861859993547,-33.5474900005244
173,Saxonsea Clinic,18.4885479990009,-33.5503369997189
174,Goede Hoop,18.4848359999363,-33.5508860005145
175,Valleyfield,18.4836980007279,-33.5548870005185
176,Fernande,18.48856899949,-33.5552570004061
177,Wesfleur Park,18.4882319994596,-33.5587939996839
178,Atlantis,18.4918230004362,-33.5638630002054
179,Parkview,18.4883909995724,-33.5655939996914
180,Gothenburg,18.4832479999514,-33.5680760003848
181,Colebrook,18.4822190012221,-33.5707999994028
182,Bengal,18.4860429996676,-33.5714009992281
183,Alberto,18.4901719996833,-33.5719270002393
184,Disa,18.4940000002231,-33.5736480000386
185,Bottlebrush,18.4966719995108,-33.5775890002868
186,Berzelia,18.4924610006289,-33.5777290004741
187,Dahlia,18.489433000224,-33.5743419995723
188,Grosvenor,18.4905269999943,-33.5724959997814
189,Charel Uys,18.4924149992296,-33.5698050003829
190,Reygersdal,18.4939599991229,-33.5666700005712
191,Atlantis,18.491651000577,-33.5639050003842
192,Atlantis,18.4918230004362,-33.5638630002054
193,Reygersdal,18.4940510008902,-33.5667140000898
194,Flamingo Park,18.4967070005088,-33.5683059997902
195,Magnolia,18.4985380004053,-33.5714740003521
196,Starling,18.5011320009205,-33.5738510001228
197,Starling,18.5011320009205,-33.5738510001228
198,Kerria Primary,18.4986480000893,-33.5770069999021
199,Bottlebrush,18.4966719995108,-33.5775890002868
200,Begonia,18.4976689998508,-33.5806490008362
201,Aloe,18.5018099996838,-33.5804649995951
202,Acacia,18.5030339994721,-33.5795270006419
203,Azalea,18.5028519990497,-33.5758159994738
204,Magnolia,18.4986389998328,-33.5716789997652
205,Magnolia,18.4986290000425,-33.5716589998164
206,Malgas,18.4998900002508,-33.5707950000012
207,Jacana,18.5013830003366,-33.5701629999945
208,Patrys,18.5055829998224,-33.5714799996941
209,Swawel,18.5065599997263,-33.5687750004924
210,Tortelduif,18.5067450006527,-33.5650690001803
211,Robinvale,18.5041820001018,-33.5659579994431
212,Curlew,18.4999959991988,-33.5658460008009
213,Carmel,18.4998950002397,-33.562582999891
214,Cealian,18.5018470006163,-33.5595450000922
215,Harrow,18.5049920006141,-33.5575749998093
216,Malvern,18.5018630000251,-33.5553689996195
217,Deerlodge,18.4977919995189,-33.5513450000838
218,Montreal,18.4934870001705,-33.5521379995493
219,Charel Uys North,18.4938700001346,-33.5557150002438
220,Arion,18.4962090001716,-33.5591070003792
221,Atlantis,18.4918109998214,-33.5638499999132
222,Starke,18.4872219998857,-33.5799879996143
223,Charel Uys South,18.486192000983,-33.5833559996784
224,Gerwyn Owen,18.4813839998846,-33.5884020000624
225,Duynefontein,18.4562660006991,-33.6903770006158
226,Wanderlust,18.4560859990264,-33.7008790005923
227,Blaauwe Berg,18.4556569998072,-33.7255610001023
228,Melkbosstrand,18.4423399996427,-33.730857999922
229,Table View,18.4888339991628,-33.8247679996143
230,Neil Hare,18.4743190003111,-33.5870259995244
231,Dahlia,18.489433000224,-33.5743419995723
232,Grosvenor,18.4905269999943,-33.5724959997814
233,Charel Uys,18.4924149992296,-33.5698050003829
234,Reygersdal,18.4939599991229,-33.5666700005712
235,Atlantis,18.491651000577,-33.5639050003842
236,Omuramba,18.5124849994102,-33.8682210005325
237,Royal Ascot,18.5028199996686,-33.8630120000401
238,Racecourse,18.5003609996097,-33.8613909997272
239,Sunset Beach,18.4963030002782,-33.8532740001111
240,Porterfield,18.4885540000921,-33.8150589998875
241,Quebec,18.3837330006121,-33.9526039998737
242,Sandown,18.4842690001081,-33.8069110003287
243,Driftwood,18.4554299997052,-33.7414060003898
244,Birkenhead,18.4554600001642,-33.7358970003948
245,Brittlestar,18.4529180000535,-33.7345779996487
246,Atlantic Beach,18.4473369999113,-33.7322300003074
247,Atlantis,18.4918109998214,-33.5638499999132
248,Omuramba,18.5124509997956,-33.8682029998126
249,Royal Ascot,18.5027989992866,-33.863001000517
250,Sunset Beach,18.4963090004082,-33.853301999943
251,Racecourse,18.5003670006396,-33.8613840007859
252,Table View,18.4888339991628,-33.8247679996143
253,Porterfield,18.4886030008114,-33.8150500005533
254,Sandown,18.4842739993967,-33.8069209999691
255,Driftwood,18.455428999648,-33.7414869999603
256,Birkenhead,18.4554620005712,-33.7358469999344
257,Brittlestar,18.4529140002407,-33.7345719999762
258,Atlantic Beach,18.4474030003139,-33.7322170005398
259,Melkbosstrand,18.4423630005377,-33.7308330005426
260,Blaauwe Berg,18.45481299965,-33.7261180006589
261,Wanderlust,18.4560849993657,-33.7009249999403
262,Duynefontein,18.4562620000397,-33.6906150000569
263,Ravensteyn,18.3849119995519,-33.9571750006426
264,Camps Bay,18.3788370002289,-33.9500120003367
265,Neil Hare,18.4743170009529,-33.58702500028
266,Table View,18.4888339991628,-33.8247679996143
267,Popham,18.4843600006461,-33.8235169998394
268,Paradise,18.4664679994253,-33.512882999483
269,Goedverwacht,18.4710100000646,-33.5130619996001
270,Lord Caledon,18.4743780005412,-33.5109940005259
271,Denne West,18.4740169997196,-33.5083969991448
272,Denne East,18.4788420002111,-33.5100649990207
273,Frans,18.4808240002151,-33.5138870000444
274,Pella South,18.5196509987486,-33.5424220005925
275,Pella Central,18.5206810004562,-33.5388719999446
276,Pella North,18.5203870005493,-33.5369720007298
277,Pella Central,18.5206750007502,-33.5388390000741
278,Pella South,18.5201600001716,-33.5423890008408
279,Tsitsikamma,18.4944239998651,-33.5474980001081
280,Montreal,18.4934880000225,-33.5521349993791
281,Charel Uys North,18.493862000137,-33.5556980004651
282,Arion,18.4962009993589,-33.5590790000669
283,Atlantis,18.491651000577,-33.5639050003842
284,Silverstream,18.4826710005043,-33.5205070002244
285,PM Louw,18.4777360002361,-33.517075000321
286,Enon,18.474575000593,-33.5127810003185
287,Enon,18.474575000593,-33.5127810003185
288,Goedverwacht,18.4720189995376,-33.5123440005464
289,Paradise,18.4662099996118,-33.5132240005545
290,Crown,18.4639100004657,-33.5140250001812
291,Gerwyn Owen,18.4813169992642,-33.588408999746
292,Charel Uys South,18.4861070005382,-33.5836219998018
293,Starke,18.4872200001484,-33.579994999693
294,Dahlia,18.489500000845,-33.5742289994345
295,Grosvenor,18.4909549998504,-33.5718420004405
296,Charel Uys,18.4925570001202,-33.5696059996035
297,Reygersdal,18.4940510008902,-33.5667140000898
298,Atlantis,18.4918109998214,-33.5638499999132
299,Parkview,18.4883400001936,-33.5655739996555
300,Atlantis,18.491651000577,-33.5639050003842
301,Kuyasa,18.6926340001169,-34.0555760004407
302,Parkview,18.4883909995724,-33.5655939996914
303,Gothenburg,18.4832479999514,-33.5680760003848
304,Arion,18.4962090001716,-33.5591070003792
305,Colebrook,18.4822190012221,-33.5707999994028
306,Charel Uys North,18.4938700001346,-33.5557150002438
307,Bengal,18.4860429996676,-33.5714009992281
308,Montreal,18.4934870001705,-33.5521379995493
309,Alberto,18.4901719996833,-33.5719270002393
310,Tsitsikamma,18.4944240001978,-33.5475500001533
311,Disa,18.4940000002231,-33.5736480000386
312,Pella South,18.5196509987486,-33.5424220005925
313,Pella North,18.5208419997305,-33.5359259996334
314,Berzelia,18.493000000058,-33.5778139998237
315,Pella North,18.5203870005493,-33.5369720007298
316,Starke,18.4871909997828,-33.580092000337
317,Charles Duminy,18.4846919993639,-33.5798920008572
318,Pella Central,18.5206810004562,-33.5388719999446
319,Tom Henshilwood,18.4829559988578,-33.5832769995641
320,Pella Central,18.5206750007502,-33.5388390000741
321,Pella South,18.5201600001716,-33.5423890008408
322,John Van Niekerk,18.4782279992809,-33.5844479999354
323,Neil Hare,18.4744349996766,-33.5870829988851
324,Silverstream,18.4826710005043,-33.5205070002244
325,Atlantis,18.4918109998214,-33.5638499999132
326,Charles Matthews,18.4814039996412,-33.591213000365
327,Lord Caledon,18.4743780005412,-33.5109940005259
328,Begonia,18.4966680000935,-33.5802710000336
329,Aloe,18.5015230005264,-33.5805540002378
330,Acacia,18.5029749990767,-33.5796359990254
331,Azalea,18.5031499994558,-33.5759269998879
332,Kerria Primary,18.4989519996807,-33.5768959992309
333,Begonia,18.4974229992685,-33.5805549996234
334,Aloe,18.5018099996838,-33.5804649995951
335,Acacia,18.5030339994721,-33.5795270006419
336,Azalea,18.5028519990497,-33.5758159994738
337,Kerria Primary,18.4986480000893,-33.5770069999021
338,Charles Matthews,18.4814159993893,-33.5912729999626
339,Neil Hare,18.4743170009529,-33.58702500028
340,Tom Henshilwood,18.4829119994001,-33.583268000384
341,Charles Duminy,18.4842959999369,-33.5801059998026
342,Starke,18.4872219998857,-33.5799879996143
343,Berzelia,18.4929849992314,-33.5778120007318
344,Disa,18.4938640000423,-33.5735870010882
345,Alberto,18.490294999993,-33.5719829995832
346,Bengal,18.4861130013476,-33.5713930009098
347,Colebrook,18.4822360001976,-33.5709159999479
348,Gothenburg,18.4831939998358,-33.5681929997298
349,Parkview,18.4883400001936,-33.5655739996555
350,Atlantis,18.491651000577,-33.5639050003842
351,Oscar Mpetha,18.6838430000732,-34.0563190000788
352,Ncumo West,18.6734660005086,-34.0534910003225
353,Kwezi,18.6686890004724,-34.0479389996136
354,Ngcingcu,18.6670310001838,-34.0449290004642
355,Makabeni,18.6605679991614,-34.0434979997296
356,Mfundisweni,18.6537760001325,-34.0394469993438
357,Pama West,18.6528249997932,-34.0312010000016
358,Sigwele,18.6518289993356,-34.0227010007495
359,Aliam,18.6534570000987,-34.0183439996345
360,Jeff Masemola,18.6566190002576,-34.0157730001992
361,Civic Centre,18.4297220007067,-33.9207180002612
362,Civic Centre,18.4297489992939,-33.9207379998985
363,Jeff Masemola,18.6565900009199,-34.0160709995475
364,Aliam,18.6534799993375,-34.0184740001238
365,Sigwele,18.6518429996345,-34.0228179997033
366,Pama West,18.652831000207,-34.0312530000244
367,Mfundisweni,18.6537840003729,-34.0395109999235
368,Makabeni,18.6607200004233,-34.0434479992071
369,Ngcingcu,18.6670700004143,-34.0450060004305
370,Kwezi,18.6687020001202,-34.0479500006016
371,Ncumo West,18.6735710009484,-34.0535649997742
372,Oscar Mpethu,18.6840239994287,-34.0563200004336
373,Kuyasa,18.6926200002801,-34.0555789995356
374,Adderley,18.4249320005171,-33.9205990000783
375,Riebeeck,18.4208299999154,-33.9182909992134
376,Alfred,18.4182180002972,-33.9152949996746
377,Gallows Hill,18.41610500041,-33.9119829995538
378,Upper Portswood,18.4130879999117,-33.9092099997766
379,Wigtown,18.4069919997801,-33.9075720002066
380,Hill,18.4033770004586,-33.9078160003909
381,Ellerslie,18.3982969996721,-33.9081660004678
382,Camberwell,18.395823999871,-33.909212000656
383,Sea Point High,18.3940839998056,-33.9106879998296
384,Firmount,18.3919019992448,-33.9132229998792
385,Sea Point,18.3900130003611,-33.9154209996735
386,Arthur's,18.3879370007094,-33.9178660004738
387,Clarens,18.3856609995649,-33.9195399996765
388,Kei Apple,18.3831160002194,-33.9211469997388
389,Tramway,18.3812290002058,-33.9221950001056
390,Queens Beach,18.3797209992122,-33.9213680009049
391,Queens Beach,18.3797209992122,-33.9213680009049
392,Tramway,18.3817150011423,-33.9219299996261
393,Kei Apple,18.3835090004145,-33.9208989999603
394,Clarens,18.3859190005375,-33.9193779994529
395,Arthur's,18.3882970002601,-33.9174409999515
396,Sea Point,18.3902250004818,-33.9151749996981
397,Firmount,18.3925110001166,-33.9125080004854
398,Sea Point High,18.3937649999626,-33.9110529992788
399,Camberwell,18.3963869995217,-33.9088879995556
400,Ellerslie,18.3979579995477,-33.9080810003934
401,Hill,18.402539000297,-33.9077850000033
402,Wigtown,18.4064319993346,-33.9075200004827
403,Upper Portswood,18.4132060005635,-33.9091899993043
404,Gallows Hill,18.4162460009119,-33.9119759998731
405,Alfred,18.4185569989204,-33.915970000127
406,Riebeeck,18.4219149999193,-33.9190670000228
407,Waterkant,18.4217810009495,-33.9200529998925
408,St Georges,18.4224909994444,-33.9214569998594
409,Adderley,18.424797999982,-33.9204550007084
410,Civic Centre,18.4297489992939,-33.9207379998985
411,Kapteinsklip,18.6216669995664,-34.0675390000189
412,Snowdon,18.6261849996912,-34.0660719996418
413,Paulsberg,18.6312650003226,-34.0637080000126
414,Langberg,18.6376270008901,-34.0605319995261
415,Spine,18.6316689998658,-34.0540370001126
416,Imperial,18.6249460003081,-34.0482879992286
417,Mitchell's Plain,18.6196090007939,-34.0464800001131
418,Pontiac,18.621154000311,-34.0446849994245
419,Kerrem,18.6189189999485,-34.0404319996255
420,Marguerite,18.6145010002027,-34.0317309991499
421,Sesame,18.6082940002716,-34.0228440000694
422,Civic Centre,18.4297220007067,-33.9207180002612
423,Imperial,18.6250939999461,-34.048153999888
424,Mitchells Plain,18.6196090007939,-34.0464800001131
425,Kapteinsklip,18.6214540000496,-34.0678660001245
426,Snowdon,18.6264160003794,-34.0660739994502
427,Paulsberg,18.6313359994266,-34.0637349995575
428,Langeberg,18.6374329993718,-34.0612579999936
429,Spine,18.6328939999887,-34.0547809997929
430,Kerrem,18.618742000675,-34.0394739998598
431,Marguerite,18.6147130009135,-34.031648000354
432,Sesame,18.6085710003058,-34.022794999528
433,Civic Centre,18.4297489992939,-33.9207379998985
434,Civic Centre,18.4297220007067,-33.9207180002612
435,Foreshore,18.4302909997931,-33.9183560000351
436,Lower Long,18.4231200005053,-33.9188140001425
437,Mid Long,18.4208660004257,-33.9208859998313
438,Longmarket,18.419059999777,-33.9225299997471
439,Dorp,18.4175249991247,-33.923932999696
440,Upper Long,18.4146569994686,-33.9265390000035
441,Michaelis,18.413388000784,-33.9287160007832
442,Government Ave,18.4137049995319,-33.9315220003361
443,Annandale,18.4147980000129,-33.9330999993652
444,Gardens,18.4195719999797,-33.9339760002081
445,Gardens,18.4195300006187,-33.9342380001388
446,Annandale,18.4151430007748,-33.933666999878
447,Government Ave,18.4131719992176,-33.930948000548
448,Michaelis,18.4132679998796,-33.9289619997357
449,Upper Loop,18.4139830010422,-33.9261010001467
450,Leeuwen,18.4163189997971,-33.923955999552
451,Church,18.4180560012466,-33.9223709990502
452,Mid Loop,18.420787999751,-33.9198860005193
453,Lower Loop,18.4223789999385,-33.9184259998404
454,Foreshore,18.4310769995807,-33.9178450002483
455,Civic Centre,18.4297489992939,-33.9207379998985
456,Civic Centre,18.4297220007067,-33.9207180002612
457,Adderley,18.4249320005171,-33.9205990000783
458,Darling,18.4222719995466,-33.9238660001151
459,Lower Buitenkant,18.4247940000938,-33.9264929998302
460,Roeland,18.421177000587,-33.9299719996647
461,Roodehek,18.4198380005092,-33.9323019996221
462,Lower Plein,18.4240099992727,-33.9234190004501
463,Breakwater,18.4206920011734,-33.9021230003181
464,Gardens,18.4195719999797,-33.9339760002081
465,Gardens,18.4195300006187,-33.9342380001388
466,Annandale,18.4151430007748,-33.933666999878
467,De Waal Park,18.4141129990886,-33.9378630001099
468,Upper Orange,18.4141110007472,-33.9406600003143
469,Montrose,18.4114410003133,-33.9412810001579
470,Marmion,18.4116710003106,-33.9433089996558
471,Chesterfield,18.4096759995781,-33.9432149997171
472,Invermark,18.4080060004276,-33.9430340003436
473,Molteno,18.4090989998073,-33.9403960008491
474,Rayden,18.409822000041,-33.9370770005172
475,Lower Reservoir,18.4122139990915,-33.935180999678
476,Annandale,18.4147980000129,-33.9330999993652
477,Gardens,18.4195300006187,-33.9342380001388
478,Roodehek,18.4201239992375,-33.9316510004856
479,Roeland,18.4212109997143,-33.9297659999033
480,Lower Buitenkant,18.424658999454,-33.926619999858
481,Darling,18.42277699993,-33.9242480006986
482,Adderley,18.424797999982,-33.9204550007084
483,Graaff's Pool,18.3881909999363,-33.9132059996307
484,Civic Centre,18.4297489992939,-33.9207379998985
485,Victoria,18.522403000118,-33.8879940000339
486,Sailors Green,18.5254230000951,-33.8854120002007
487,Soldier,18.5270760010403,-33.8830489999508
488,Emerald,18.5265860008629,-33.8798699999581
489,Century Gate,18.5227880009068,-33.8819890005124
490,Edison,18.5170940003448,-33.8819259998919
491,Ocean Spirit,18.5141109997392,-33.8814880002189
492,Democracy South,18.5070809989109,-33.8804280001345
493,Quest,18.4977550010087,-33.8803780002567
494,Loxton East,18.4954080000439,-33.8830440002606
495,Loxton West,18.4921669996139,-33.8823760011081
496,Loxton West,18.4920269997744,-33.8823410005246
497,Mansfield,18.4958810003145,-33.882655000889
498,Quest,18.4976779994578,-33.8802700003406
499,Democracy South,18.507621999772,-33.8803709998092
500,Namer,18.5148729991036,-33.8817659999259
501,Edison,18.5169890002194,-33.8819309999599
502,Century Gate,18.5224159998642,-33.8816059992257
503,Emerald,18.5266509996307,-33.8799269992602
504,Soldier,18.527104999824,-33.883103000519
505,Sailors Green,18.5253800001093,-33.885433999473
506,Victoria,18.5224210006113,-33.8879890004736
507,Adderley,18.424797999982,-33.9204550007084
508,Leeuwen,18.4163189997971,-33.923955999552
509,Upper Loop,18.4139830010422,-33.9261010001467
510,Upper Long,18.4146569994686,-33.9265390000035
511,Dorp,18.4175249991247,-33.923932999696
512,Adderley,18.4249320005171,-33.9205990000783
513,Breakwater,18.4190630008999,-33.9032700001534
514,Portswood South,18.4147129999002,-33.9075060005706
515,Portswood North,18.4177159996633,-33.9055060005172
516,Groot Kerk,18.4211569999267,-33.9240659996739
517,Lower Kloof,18.4120930000834,-33.9286190002711
518,Eaton,18.4091459990982,-33.9316120003093
519,Welgemeend,18.4070850004056,-33.9345779995149
520,Upper Kloof,18.4050620006395,-33.9363100001186
521,Kew,18.4024590000116,-33.9369839993389
522,Kew,18.4024590000116,-33.9369839993389
523,Upper Kloof,18.4050990003971,-33.9362280000492
524,Welgemeend,18.4071380012187,-33.9345130001906
525,Eaton,18.4091449997182,-33.9316129998248
526,Lower Kloof,18.4122000001161,-33.9285160003709
527,Groot Kerk,18.4212200002101,-33.9238359994181
528,Waterfront,18.4210469997644,-33.9017760006923
529,Breakwater,18.4194839998509,-33.9028630001889
530,Portswood North,18.4178949999749,-33.9053790006049
531,Portswood South,18.4148909995936,-33.9073869991115
532,Kew,18.4024590000116,-33.9369839993389
533,Upper Kloof,18.4050990003971,-33.9362280000492
534,Welgemeend,18.4071380012187,-33.9345130001906
535,Eaton,18.4091449997182,-33.9316129998248
536,Lower Kloof,18.4122000001161,-33.9285160003709
537,Upper Loop,18.4139830010422,-33.9261010001467
538,Leeuwen,18.4163189997971,-33.923955999552
539,Church,18.4180560012466,-33.9223709990502
540,Mid Loop,18.420787999751,-33.9198860005193
541,Riebeeck,18.4208299999154,-33.9182909992134
542,Alfred,18.4182180002972,-33.9152949996746
543,Gallows Hill,18.41610500041,-33.9119829995538
544,Upper Portswood,18.4130879999117,-33.9092099997766
545,Fort Wynard,18.4134129993204,-33.9053079999076
546,Beach,18.4165330004056,-33.90334299998
547,Breakwater,18.4194839998509,-33.9028630001889
548,Waterfront,18.4210409997076,-33.9018850005661
549,Waterfront,18.4210469997644,-33.9017760006923
550,Breakwater,18.4190630008999,-33.9032700001534
551,Beach,18.4166060000215,-33.9034249995284
552,Fort Wynard,18.4136589996692,-33.9052679997445
553,Wigtown,18.4069919997801,-33.9075720002066
554,Hill,18.4033770004586,-33.9078160003909
555,Ellerslie,18.3982969996721,-33.9081660004678
556,Camberwell,18.395823999871,-33.909212000656
557,Sea Point High,18.3940839998056,-33.9106879998296
558,Firmount,18.3919019992448,-33.9132229998792
559,Sea Point,18.3900130003611,-33.9154209996735
560,Arthur's,18.3879370007094,-33.9178660004738
561,Clarens,18.3856609995649,-33.9195399996765
562,Kei Apple,18.3831160002194,-33.9211469997388
563,Tramway,18.3812290002058,-33.9221950001056
564,Waterfront,18.4210469997644,-33.9017760006923
565,Breakwater,18.4194839998509,-33.9028630001889
566,Beach,18.4165330004056,-33.90334299998
567,Fort Wynard,18.4134129993204,-33.9053079999076
568,Wigtown,18.4064319993346,-33.9075200004827
569,Hill,18.402539000297,-33.9077850000033
570,Ellerslie,18.3979579995477,-33.9080810003934
571,Camberwell,18.3963869995217,-33.9088879995556
572,Sea Point High,18.3937649999626,-33.9110529992788
573,Firmount,18.3925110001166,-33.9125080004854
574,Sea Point,18.3902250004818,-33.9151749996981
575,Arthur's,18.3882970002601,-33.9174409999515
576,Clarens,18.3859190005375,-33.9193779994529
577,Kei Apple,18.3835090004145,-33.9208989999603
578,Tramway,18.3817150011423,-33.9219299996261
579,Beach,18.4166060000215,-33.9034249995284
580,Fort Wynard,18.4136589996692,-33.9052679997445
581,Upper Portswood,18.4132060005635,-33.9091899993043
582,Gallows Hill,18.4162460009119,-33.9119759998731
583,Alfred,18.4185569989204,-33.915970000127
584,Riebeeck,18.4219149999193,-33.9190670000228
585,Mid Long,18.4208660004257,-33.9208859998313
586,Longmarket,18.419059999777,-33.9225299997471
587,Dorp,18.4175249991247,-33.923932999696
588,Upper Long,18.4146569994686,-33.9265390000035
589,Lower Kloof,18.4120930000834,-33.9286190002711
590,Eaton,18.4091459990982,-33.9316120003093
591,Welgemeend,18.4070850004056,-33.9345779995149
592,Upper Kloof,18.4050620006395,-33.9363100001186
593,Kew,18.4024590000116,-33.9369839993389
594,Lower Plein,18.4240099992727,-33.9234190004501
595,Riebeeck,18.4208299999154,-33.9182909992134
596,Alfred,18.4182180002972,-33.9152949996746
597,Gallows Hill,18.41610500041,-33.9119829995538
598,Upper Portswood,18.4130879999117,-33.9092099997766
599,Wigtown,18.4069919997801,-33.9075720002066
600,Hill,18.4033770004586,-33.9078160003909
601,Ellerslie,18.3982969996721,-33.9081660004678
602,Camberwell,18.395823999871,-33.909212000656
603,Sea Point High,18.3940839998056,-33.9106879998296
604,Firmount,18.3919019992448,-33.9132229998792
605,Sea Point,18.3900130003611,-33.9154209996735
606,Arthur's,18.3879370007094,-33.9178660004738
607,Clarens,18.3856609995649,-33.9195399996765
608,Kei Apple,18.3831160002194,-33.9211469997388
609,Tramway,18.3812290002058,-33.9221950001056
610,Mid Loop,18.420787999751,-33.9198860005193
611,Strand,18.4209009995896,-33.9204329997289
612,Kiwu,18.5109369998816,-33.8737629993957
613,Darling,18.4222719995466,-33.9238660001151
614,St Georges,18.4224909994444,-33.9214569998594
615,Waterkant,18.4217810009495,-33.9200529998925
616,Riebeeck,18.4219149999193,-33.9190670000228
617,Alfred,18.4185569989204,-33.915970000127
618,Gallows Hill,18.4162460009119,-33.9119759998731
619,Upper Portswood,18.4132060005635,-33.9091899993043
620,Wigtown,18.4064319993346,-33.9075200004827
621,Hill,18.402539000297,-33.9077850000033
622,Ellerslie,18.3979579995477,-33.9080810003934
623,Camberwell,18.3963869995217,-33.9088879995556
624,Sea Point High,18.3937649999626,-33.9110529992788
625,Firmount,18.3925110001166,-33.9125080004854
626,Sea Point,18.3902250004818,-33.9151749996981
627,Arthur's,18.3882970002601,-33.9174409999515
628,Clarens,18.3859190005375,-33.9193779994529
629,Kei Apple,18.3835090004145,-33.9208989999603
630,Omuramba,18.5124509997956,-33.8682029998126
631,Tramway,18.3817150011423,-33.9219299996261
632,Democracy North,18.5093250003005,-33.8729099995736
633,Venus,18.5070159997879,-33.8722039999939
634,Gousblom,18.5046409995525,-33.8713749997244
635,Crassula,18.5024719989631,-33.8742299994437
636,Zastron,18.501167999195,-33.8759340000699
637,Quest,18.4977550010087,-33.8803780002567
638,Mansfield,18.4959880001185,-33.8827110001251
639,Tijgerhof,18.4946810005569,-33.88752500037
640,Boundary,18.4933460002229,-33.891410999728
641,Madeira,18.4912489994384,-33.895992000864
642,Dreyer,18.4898949997522,-33.8987840003899
643,Narwhal,18.4877719997815,-33.9031869998836
644,Sheridan,18.4857790008111,-33.9073719998563
645,Fenwick,18.4837809992333,-33.9116049994398
646,Conway,18.4825660007363,-33.9141949996983
647,Coronation,18.4808110004869,-33.9225960000597
648,Maitland,18.4865279995822,-33.9243939998764
649,Green,18.4785880002187,-33.9242480000076
650,Loco,18.4709370001299,-33.9255719998503
651,Salt River Hall,18.4617249989572,-33.9276729997453
652,Biscuit Mill,18.4568080002421,-33.9276590007852
653,Dublin,18.4532029991961,-33.9272220000616
654,Lower Church,18.4499849999157,-33.9268530005091
655,Davison,18.446236999334,-33.9264549999472
656,Barron,18.4434629997642,-33.9262940002772
657,Russel,18.4353860002275,-33.926812000367
658,Castle,18.4258760000628,-33.9240900004176
659,Adderley,18.424797999982,-33.9204550007084
660,Civic Centre,18.4297489992939,-33.9207379998985
661,Civic Centre,18.4297220007067,-33.9207180002612
662,Adderley,18.4249320005171,-33.9205990000783
663,Castle,18.4259879997858,-33.9239610004746
664,Russel,18.4354249993188,-33.9266550004767
665,Barron,18.4435129995057,-33.9262940003474
666,Davison,18.4462399999018,-33.9264559998376
667,Lower Church,18.4500049998583,-33.9268560006064
668,Dublin,18.4532430006977,-33.9272259995783
669,Biscuit Mill,18.4568039990915,-33.9276580003059
670,Salt River Hall,18.4618030005269,-33.9275249998816
671,Loco,18.4710579997407,-33.9254599996526
672,Green,18.4783350004047,-33.9242750007531
673,Maitland,18.4865279995822,-33.9243939998764
674,Coronation,18.4808000000763,-33.9225429995643
675,Conway,18.4824630003825,-33.9141430000034
676,Fenwick,18.4837090003577,-33.9114899996279
677,Sheridan,18.485691999733,-33.9072849997154
678,Narwhal,18.4876989998402,-33.9030079997326
679,Dreyer,18.4897329998706,-33.8987619996184
680,Madeira,18.4911909989688,-33.8957969995747
681,Tijgerhof,18.4946879995742,-33.8875029999666
682,Mansfield,18.4958810003145,-33.882655000889
683,Quest,18.4976779994578,-33.8802700003406
684,Zastron,18.5011439998614,-33.875771999033
685,Crassula,18.5024879996337,-33.8740119991351
686,Gousblom,18.5047709995017,-33.8713149995026
687,Venus,18.5071420006115,-33.8722400009371
688,Democracy North,18.509443000628,-33.8729739992417
689,Kiwu,18.5110659991425,-33.8738250001379
690,Omuramba,18.5124849994102,-33.8682210005325
691,Waterville,18.4876089996928,-33.8040279996613
692,Nantucket,18.4887159992659,-33.8061069994371
693,Humewood,18.4941900010993,-33.8050589991
694,Devonshire,18.4997950003935,-33.8067019998221
695,Wood North,18.5038460005752,-33.8055059998565
696,Ravensmead,18.5047329995386,-33.809922998955
697,Wood Central,18.507375999132,-33.8144810010508
698,Muscadel,18.5095490004698,-33.8205329993375
699,Merlot,18.5081350006934,-33.8245369998111
700,Wood,18.5067759992843,-33.8295060001695
701,Wood,18.5067490002697,-33.8294989994717
702,Merlot,18.5082149996214,-33.8243219991738
703,Bitten,18.5132600008225,-33.8243809996511
704,Gie South,18.5168560002703,-33.825312000362
705,Pinto,18.5185069996264,-33.8216219998283
706,Earlswood,18.5193270007132,-33.8172810000997
707,Gie Central,18.5188250001808,-33.8136619995347
708,Hamptons,18.5139129999451,-33.8061690000278
709,Gie North,18.5116999993815,-33.8042079996296
710,Wandsworth,18.5076530007207,-33.8007560003422
711,Century City,18.5063430004298,-33.8915539997488
712,Dumani,18.5374870002513,-33.8160830001625
713,Hampstead,18.5028190001294,-33.8152029998298
714,Woodlands,18.4974070001726,-33.8015599999614
715,Braselton,18.4930719995473,-33.8025910011515
716,Waterville,18.4872840011552,-33.8036589999066
717,Wood,18.5067490002697,-33.8294989994717
718,Popham,18.4835329996774,-33.8234130004706
719,Marine Circle,18.4778549993988,-33.8219060004263
720,Seal,18.4721130008635,-33.8149850003849
721,Shell,18.4699660003311,-33.8118299996998
722,Perlemoen,18.4667140001647,-33.8074159994189
723,Bokkombaai,18.4629589994527,-33.8035689993888
724,Kleinbaai,18.4603000002166,-33.7987500005278
725,De Mist,18.4595670004057,-33.7960699995608
726,Marine Circle,18.4787310004617,-33.8220449997787
727,Seal,18.4722009994219,-33.8151330002702
728,Shell,18.4701790000292,-33.8121260007315
729,Perlemoen,18.4661189999697,-33.8066150002361
730,Bokkombaai,18.4627949998596,-33.803466999401
731,Kleinbaai,18.4605709998267,-33.799496999902
732,De Mist,18.4599069996419,-33.796812999872
733,Table View,18.4888339991628,-33.8247679996143
734,Big Bay,18.4587639994136,-33.7927860004063
735,Upper Long,18.4146569994686,-33.9265390000035
736,Dorp,18.4175249991247,-33.923932999696
737,Adderley,18.4249320005171,-33.9205990000783
738,Upper Loop,18.4139830010422,-33.9261010001467
739,Leeuwen,18.4163189997971,-33.923955999552
740,Adderley,18.424797999982,-33.9204550007084
741,Groot Kerk,18.4211569999267,-33.9240659996739
742,Lower Kloof,18.4120930000834,-33.9286190002711
743,Eaton,18.4091459990982,-33.9316120003093
744,Welgemeend,18.4070850004056,-33.9345779995149
745,Upper Kloof,18.4050620006395,-33.9363100001186
746,Kew,18.4024590000116,-33.9369839993389
747,Kew,18.4024590000116,-33.9369839993389
748,Upper Kloof,18.4050990003971,-33.9362280000492
749,Welgemeend,18.4071380012187,-33.9345130001906
750,Eaton,18.4091449997182,-33.9316129998248
751,Groot Kerk,18.4212200002101,-33.9238359994181
752,Lower Kloof,18.4122000001161,-33.9285160003709
753,St Johns Wood,18.4980239991462,-33.8160230000568
754,Echium,18.4937109996397,-33.8207389999268
755,Briza,18.4910550004413,-33.8227429999711
756,Table View,18.4888339991628,-33.8247679996143
757,Popham,18.4843600006461,-33.8235169998394
758,Marine Circle,18.4787310004617,-33.8220449997787
759,Parklands Main,18.5075619993502,-33.8131139995508
760,Oakdale,18.5093959997861,-33.8117770000457
761,Dorchester,18.5115269995731,-33.8099389994796
762,Chippenham,18.5141919995952,-33.8071270003439
763,Dartford,18.5203880001043,-33.803425000412
764,Rivergate,18.5326270002013,-33.7979440000539
765,Morningfield,18.5215360007105,-33.8002680007224
766,Stables Way,18.5402770002235,-33.8121989997422
767,Table View,18.4888339991628,-33.8247679996143
768,Popham,18.4835329996774,-33.8234130004706
769,Marine Circle,18.4778549993988,-33.8219060004263
770,Dumani,18.5374870002513,-33.8160830001625
771,Ngena,18.540583000419,-33.8179479995313
772,Siyabonga,18.5420879997945,-33.8152139999889
773,Stables Way,18.5404980002273,-33.8123769999363
774,Morningfield,18.5215079988355,-33.8006210001054
775,Rivergate,18.5319140003403,-33.7981090002018
776,Dartford,18.5203650012236,-33.8034449995759
777,Chippenham,18.5141989996762,-33.8071190000948
778,Dorchester,18.5115109991931,-33.809955000739
779,Oakdale,18.5093880005311,-33.8117829999104
780,Parklands Main,18.5075279994828,-33.8131279999169
781,Hampstead,18.5028229996906,-33.8152009999849
782,St Johns Wood,18.4971519996045,-33.8165880004275
783,Echium,18.4942959988026,-33.8204370009558
784,Century City,18.5063430004298,-33.8915539997488
785,Grand Canal,18.5059120006001,-33.8941199999524
786,Canal Walk South,18.510526000021,-33.8964820004323
787,Canal Walk North,18.5152400000411,-33.8926839993627
788,Waterford,18.5194269997343,-33.8890909999406
789,Waterview,18.5202899992671,-33.8868539990876
790,Estuaries,18.5206060002768,-33.8844130007426
791,Summer Greens,18.5245319999803,-33.8778490004376
792,Vryburger South,18.5339249999883,-33.8724130003976
793,Bothma,18.5335960004893,-33.8693789998497
794,Oranje,18.5345860005086,-33.8651010002161
795,Goede Hoop,18.5348210007769,-33.859517999914
796,Meerhof,18.5364639989673,-33.8543900003826
797,Steenhoven,18.5390160011388,-33.852840999828
798,Carmine,18.5414899993561,-33.8460930001214
799,Cellars,18.5492320006305,-33.8419989999257
800,Crimson,18.5494369995293,-33.8369310005318
801,Indigo,18.5511640001715,-33.8325810001075
802,Abalone,18.5467180002122,-33.8318480003255
803,Richwood,18.5419590000579,-33.8320590006807
804,Midwood,18.543756000086,-33.8349120000808
805,Jonkershoek,18.5439890003387,-33.8374379995887
806,Burgundy,18.5446560005216,-33.8422780007636
807,Century Gate,18.5227880009068,-33.8819890005124
808,Jonkershoek,18.5440130010111,-33.8374460008772
809,Midwood,18.5438360005331,-33.8349989994835
810,Richwood,18.5420500001705,-33.8320859991676
811,Abalone,18.5466299995485,-33.831821999933
812,Indigo,18.5511600004924,-33.8325130003076
813,Crimson,18.5493820001876,-33.8367489998009
814,Cellars,18.5491130001015,-33.841853000097
815,Burgundy,18.5449239995058,-33.8422370004457
816,Carmine,18.541577000514,-33.8458659999792
817,Steenhoven,18.5388979996886,-33.8527759997707
818,Meerhof,18.5367119995239,-33.8544550001285
819,Goede Hoop,18.5347399989298,-33.8593560007212
820,Oranje,18.5345179991675,-33.8650440000438
821,Bothma,18.5334590003507,-33.8692589998717
822,Jacob,18.5342900005449,-33.8709959998236
823,Estuaries,18.5204509999765,-33.8842769994386
824,Waterview,18.5200729996714,-33.8863949994904
825,Waterford,18.5188339999064,-33.8895080000934
826,Canal Walk North,18.5154789989069,-33.8922760000012
827,Canal Walk South,18.5107890008289,-33.8962819994836
828,Grand Canal,18.5061129999995,-33.8940810000262
829,Century Gate,18.5224159998642,-33.8816059992257
830,Summer Greens,18.5259259998914,-33.8766519995663
831,Edgemead,18.5474190000147,-33.8709109995168
832,Greenhill,18.5414610001537,-33.8694250006379
833,Vryburger South,18.5357080009311,-33.8716500000949
834,Summer Greens,18.5244399996277,-33.8777710002631
835,Cook,18.5396539991633,-33.8532340004396
836,Batavia,18.5445350002503,-33.8551269997453
837,Drommedaris,18.5505910011207,-33.8582809997469
838,Holland,18.5439759998559,-33.8619730010464
839,Rosendal,18.5399319997159,-33.8643630001172
840,Amstel,18.5427730005318,-33.866833000898
841,Athol,18.3860879994731,-33.9494570007615
842,Letchworth West,18.5446319997059,-33.8685310006853
843,Letchworth West,18.5446319997059,-33.8685310006853
844,Ocean Spirit,18.5155020002409,-33.8815730000998
845,Democracy South,18.507621999772,-33.8803709998092
846,Kildare,18.4959859992851,-33.8824919997021
847,Quest,18.4976779994578,-33.8802700003406
848,Loxton West,18.492087000174,-33.8823579992196
849,Edgemead,18.5474190000147,-33.8709109995168
850,Batavia,18.5456809991761,-33.8555119999802
851,Drommedaris,18.5507119999948,-33.8583130004584
852,Holland,18.5437910004494,-33.862011999383
853,Rosendal,18.5399649999269,-33.8644279996583
854,Woodford,18.3850839996482,-33.9505079995378
855,Amstel,18.5428339999161,-33.8668900003357
856,Greehhill,18.5402859992821,-33.8700840004473
857,Kildare,18.4957840006197,-33.883085000101
858,Loxton West,18.4921669996139,-33.8823760011081
859,Quest,18.4977550010087,-33.8803780002567
860,Letchworth West,18.5446319997059,-33.8685310006853
861,Letchworth West,18.5446319997059,-33.8685310006853
862,Democracy South,18.5070809989109,-33.8804280001345
863,Ocean Spirit,18.5141109997392,-33.8814880002189
864,Imperial,18.6249460003081,-34.0482879992286
865,Spine,18.6320659999631,-34.0543759993212
866,Langeberg,18.6378340006393,-34.0607829999868
867,Hugenot Primary,18.641936999726,-34.0636330001107
868,Maureen,18.6454389986439,-34.06225299945
869,Martine,18.6480700004014,-34.0642420001715
870,Laura,18.6512280000158,-34.0641100002374
871,Mitchells Plain,18.6207539994267,-34.0477559996841
872,Mitchells Plain,18.6207519999826,-34.0477510004032
873,10th Avenue,18.6174680000079,-34.0419919995514
874,Imperial,18.6250939999461,-34.048153999888
875,Spine,18.6328939999887,-34.0547809997929
876,Kilimanjaro,18.6384119994692,-34.0607020003297
877,Picketberg,18.6400599993993,-34.0597319998396
878,Alma,18.6442839998685,-34.0593869996454
879,Nina,18.6471360006514,-34.0609519992381
880,Stella,18.650888999468,-34.0624710004858
881,Laura,18.6512280000158,-34.0641100002374
882,10th Avenue,18.617469000727,-34.0419920000213
883,Laura,18.6512280000158,-34.0641100002374
884,Martine,18.6480700004014,-34.0642420001715
885,Maureen,18.6454389986439,-34.06225299945
886,Hugenot Primary,18.641936999726,-34.0636330001107
887,Andes,18.635460999853,-34.0619609999693
888,Ural,18.6315089996851,-34.0630310000685
889,Olifantoos,18.6300199988962,-34.0604110001266
890,Corridor,18.6282149996901,-34.0582079998065
891,Boabab,18.6267780004729,-34.0555100000418
892,6th Avenue,18.6253840001655,-34.0526440004268
893,Mitchells Plain,18.6207539994267,-34.0477559996841
894,10th Avenue,18.617469000727,-34.0419920000213
895,Mitchells Plain,18.6207519999826,-34.0477510004032
896,10 Avenue,18.6174680000079,-34.0419919995514
897,6th Avenue,18.6254689998391,-34.052592000263
898,Boabab,18.6268780004661,-34.0554769994974
899,Corridor,18.6282210003899,-34.0582100008891
900,Olifantoos,18.6300229997706,-34.0604149997864
901,Ural,18.6315069992364,-34.063028999631
902,Andes,18.6354419998686,-34.0619639990025
903,Kilimanjaro,18.6384119994692,-34.0607020003297
904,Picketberg,18.6400599993993,-34.0597319998396
905,Alma,18.6442839998685,-34.0593869996454
906,Nina,18.6471360006514,-34.0609519992381
907,Stella,18.650888999468,-34.0624710004858
908,Laura,18.6512280000158,-34.0641100002374
909,Clifton,18.3781339999022,-33.9335040005793
910,Clifton 2nd,18.3782850007298,-33.9370509995147
911,Clifton 3rd,18.3771490002746,-33.9401289997269
912,Clifton 4th,18.3755000001818,-33.9417730001698
913,Maidens Cove,18.3762849995792,-33.9442739997395
914,Glen Beach,18.3786329991531,-33.9470509995362
915,Camps Bay,18.3788370002289,-33.9500120003367
916,Whale Rock,18.3770750007771,-33.9532790005971
917,Barley Bay,18.3772460007013,-33.958892000125
918,Bakoven,18.3736729991104,-33.962976999847
919,Koeel Bay,18.3713890006435,-33.9705009997223
920,Oudekraal,18.3509879998344,-33.9883709995068
921,Llandudno,18.3475250010866,-34.0066500008933
922,Mount Rhodes,18.3511980000198,-34.019586999714
923,Ruyteplaats,18.3499690003786,-34.0133529997216
924,Helgarda,18.3496890014222,-34.0277110002855
925,Daphne,18.3480539995445,-34.0326570008849
926,Lancaster,18.3492220003861,-34.0364200003515
927,Oxford Earl,18.3501250005025,-34.0399699997441
928,Lower Victoria,18.3505209993721,-34.0429359997867
929,Northshore,18.3480060001665,-34.0470150006963
930,Fishmarket,18.3454740005308,-34.0493229997571
931,Atlantic Skipper,18.3465420006577,-34.054782000266
932,Oceana,18.345269999873,-34.0563380003299
933,Hangberg,18.3420669993576,-34.0542399990613
934,Queens Beach,18.3797209992122,-33.9213680009049
935,Cassel,18.3811700004587,-33.9202499996229
936,Sea Point Pool,18.3851989994983,-33.9186490003524
937,Boat Bay,18.3866959997955,-33.9158639995238
938,Graaff's Pool,18.3881100005913,-33.9131139997725
939,London,18.3894979994485,-33.9112339999608
940,Promenade,18.3921329999352,-33.9095059994396
941,Rocklands,18.3946219994925,-33.9080609995827
942,Lower Long,18.4231200005053,-33.9188140001425
943,Adderley,18.424797999982,-33.9204550007084
944,Adderley,18.4249320005171,-33.9205990000783
945,Lower Loop,18.4223789999385,-33.9184259998404
946,Queens Beach,18.3797209992122,-33.9213680009049
947,Rocklands,18.3957730005938,-33.9075429998473
948,Promenade,18.3920700009187,-33.9096340001608
949,London,18.3895560003901,-33.9113159998309
950,Graaff's Pool,18.3881909999363,-33.9132059996307
951,Boat Bay,18.3867629996159,-33.9160199996574
952,Sea Point Pool,18.3852629991211,-33.9187280003703
953,Cassel,18.3821860000943,-33.9200759998888
954,Koosani,18.379502000509,-33.9244340002668
955,Bantry Bay,18.3789920009082,-33.926478999148
956,Clifton,18.378172000786,-33.9336360001645
957,Clifton 2nd,18.3782660000181,-33.9374800004852
958,Clifton 3rd,18.377448000192,-33.9398279995953
959,Clifton 4th,18.3757489994495,-33.9415250007087
960,Maidens Cove,18.3766870003267,-33.9447499997833
961,Glen Beach,18.3789519999922,-33.9485560002664
962,Camps Bay,18.3781790003425,-33.9512440000717
963,Whale Rock,18.3765399997311,-33.9551280004019
964,Barley Bay,18.3769110005934,-33.9592080002207
965,Bakoven,18.3735500005132,-33.9631389998222
966,Koeel Bay,18.3715369995037,-33.9708969996334
967,Oudekraal,18.3505719996998,-33.9883820004595
968,Llandudno,18.3475010001872,-34.0055639998817
969,Ruyteplaats,18.3501319998212,-34.0142840007992
970,Mount Rhodes,18.3512359990335,-34.0199300001118
971,Helgarda,18.3495679996595,-34.0279849990298
972,Daphne,18.3480710002079,-34.033550000609
973,Lancaster,18.3492690004293,-34.0365430003709
974,Oxford Earl,18.350097000114,-34.0397639999588
975,Lower Victoria,18.3505519999886,-34.0431720001228
976,Northshore,18.3480329995471,-34.0469919997113
977,Fishmarket,18.3454879995194,-34.0493060002581
978,Atlantic Skipper,18.346382000966,-34.0545549992986
979,Oceana,18.3447850012717,-34.0558579995858
980,Hangberg,18.3415370004251,-34.0539939997697
981,Bantry Bay,18.3785179992411,-33.9270790003245
982,Koosani,18.3798880004992,-33.9240970003026
983,Century City,18.5063389996187,-33.8915590000429
984,Century Gate,18.5227880009068,-33.8819890005124
985,Oasis,18.5098329995343,-33.8894800000802
986,Bridgeway,18.5036480004584,-33.8956119993037
987,Oasis,18.5097399998451,-33.8898290003237
988,Central Park,18.5116960002131,-33.8869250000752
989,Central Park,18.5116469997421,-33.8867810005686
990,Waterstone,18.5145089998559,-33.8851720002563
991,Estuaries,18.5204509999765,-33.8842769994386
992,Century Gate,18.5224159998642,-33.8816059992257
993,Studio,18.5177329998493,-33.8845560006745
994,Century City,18.5063430004298,-33.8915539997488
995,Waterstone,18.5143889999931,-33.8850629990149
996,Studio,18.5176790007524,-33.8846850002593
997,Estuaries,18.5206060002768,-33.8844130007426
998,Wood,18.5067759992843,-33.8295060001695
999,Big Bay,18.4587639994136,-33.7927860004063
1000,Insiswa,18.5046110006656,-33.5512799998464
1001,Atlantis,18.4918109998214,-33.5638499999132
1002,Civic Centre,18.4297220007067,-33.9207180002612
1003,Pontiac,18.6217640001547,-34.0451309996307
1004,Pontiac,18.6217640001547,-34.0451309996307
1005,Civic Centre,18.4297220007067,-33.9207180002612
1006,Adderley,18.4249320005171,-33.9205990000783
1007,Darling,18.4238990004031,-33.9224649997965
1008,Lower Buitenkant,18.4247940000938,-33.9264929998302
1009,Roeland,18.421177000587,-33.9299719996647
1010,Roodehek,18.4198380005092,-33.9323019996221
1011,London,18.3895560003901,-33.9113159998309
1012,Upper Buitenkant,18.4186630005504,-33.9367220004901
1013,Highlands,18.4189149999279,-33.940904999752
1014,Herzlia,18.4208429992853,-33.9419969996503
1015,Exner,18.4232510004571,-33.9410169999919
1016,Wexford,18.4259730006017,-33.9409189997799
1017,St James,18.4284200003064,-33.939377000431
1018,Gardenia,18.4283309990935,-33.9368350005416
1019,Nazareth,18.4253690008965,-33.9361270008092
1020,Promenade,18.3920700009187,-33.9096340001608
1021,Darling,18.42277699993,-33.9242480006986
1022,Civic Centre,18.4297489992939,-33.9207379998985
1023,Adderley,18.424797999982,-33.9204550007084
1024,Lower Buitenkant,18.424658999454,-33.926619999858
1025,Roeland,18.4212109997143,-33.9297659999033
1026,Roodehek,18.4201239992375,-33.9316510004856
1027,Gardens,18.4195300006187,-33.9342380001388
1028,Waterfront,18.4210409997076,-33.9018850005661
1029,Summer Greens,18.5245319999803,-33.8778490004376
1030,Vryburger South,18.5339249999883,-33.8724130003976
1031,Cook,18.539701000682,-33.8531670002243
1032,Comrie,18.3878269995414,-33.9488820002927
1033,Prima,18.3871390007401,-33.9551230006133
1034,Platteklip,18.3871739992387,-33.9565079996607
1035,Horak,18.386005999324,-33.9583160006007
1036,Whale Rock,18.3770750007771,-33.9532790005971
1037,Horak,18.386005999324,-33.9583160006007
1038,Fiskaal,18.3827039998063,-33.9587340007121
1039,Chas Booth,18.3819240002869,-33.9603780002396
1040,Susan,18.3809259992674,-33.9638210004535
1041,Rontree,18.3799589999031,-33.9632829988968
1042,Houghton,18.3785250000401,-33.9599109997722
1043,Lower Camps Bay,18.3777450006163,-33.9555279996372
1044,Camps Bay,18.3788370002289,-33.9500120003367
1045,Waterfront,18.4210409997076,-33.9018850005661
1046,Atlantis,18.491651000577,-33.5639050003842
1047,Gardens,18.4195300006187,-33.9342380001388
1048,Gardens,18.4195300006187,-33.9342380001388
1049,Boundary,18.4933359997865,-33.8914409999438
1050,Briza,18.4912220006709,-33.8225949995563
1051,Pella North,18.5208419997305,-33.5359259996334
1052,Kilimanjaro,18.6382209995199,-34.0612670006886
1053,Rocklands,18.3957730005938,-33.9075429998473
1054,Civic Centre,18.4297220007067,-33.9207180002612
1055,Civic Centre,18.4297489992939,-33.9207379998985
1056,Kuyasa,18.6926340001169,-34.0555760004407
1057,Kuyasa,18.6916850004539,-34.0558060000772
1058,Lindela,18.6974330004733,-34.0571319999688
1059,Dibana,18.6988289997524,-34.0504529996477
1060,Tutu,18.6979350002297,-34.0469200005451
1061,D Nyembe,18.692528000352,-34.045166999752
1062,Steve Biko,18.6857860000504,-34.0437509993334
1063,Charles Mokoena,18.6832789999844,-34.0410499991732
1064,Vuyani,18.6806680001616,-34.0373739996781
1065,Vuyani,18.6806800007508,-34.0373680005623
1066,Charles Mokoena,18.6832799991174,-34.0410539995139
1067,Steve Biko,18.6858010000748,-34.0437579997215
1068,D Nyembe,18.6919380002814,-34.044903999921
1069,Tutu,18.6979460004869,-34.0469189993789
1070,Dibana,18.6988310008923,-34.050419000401
1071,Lindela,18.6974499991932,-34.0571400002747
1072,Civic Centre,18.4297220007067,-33.9207180002612
1073,Breakwater,18.4190630008999,-33.9032700001534
1074,Waterfront,18.4210409997076,-33.9018850005661
1075,Adderley,18.4249320005171,-33.9205990000783
1076,Frans,18.4808240002151,-33.5138870000444
1077,Denne East,18.4788420002111,-33.5100649990207
1078,Sesame,18.6082940002716,-34.0228440000694
1079,Marguerite,18.6145010002027,-34.0317309991499
1080,Kerrem,18.6189189999485,-34.0404319996255
1081,Pontiac,18.621154000311,-34.0446849994245
1082,Mitchell's Plain,18.6196090007939,-34.0464800001131
1083,Civic Centre,18.4297489992939,-33.9207379998985
1084,Sesame,18.6085710003058,-34.022794999528
1085,Marguerite,18.6147130009135,-34.031648000354
1086,Kerrem,18.618742000675,-34.0394739998598
1087,Pontiac,18.6217640001547,-34.0451309996307
1088,Mitchell's Plain,18.6196090007939,-34.0464800001131
1089,Breakwater,18.4194839998509,-33.9028630001889
1090,Foreshore,18.4302909997931,-33.9183560000351
1091,Civic Centre,18.4297220007067,-33.9207180002612
1092,Sea Point Pool,18.3852629991211,-33.9187280003703
1093,Cassel,18.3821860000943,-33.9200759998888
1094,Queens Beach,18.3797209992122,-33.9213680009049
1095,Civic Centre,18.4297489992939,-33.9207379998985
1096,Foreshore,18.4310769995807,-33.9178450002483
1097,Breakwater,18.4190630008999,-33.9032700001534
1098,Waterfront,18.4210409997076,-33.9018850005661
1099,Civic Centre,18.4297220007067,-33.9207180002612
1100,Breakwater,18.4194839998509,-33.9028630001889
1101,Rocklands,18.3946219994925,-33.9080609995827
1102,Promenade,18.3921329999352,-33.9095059994396
1103,London,18.3894979994485,-33.9112339999608
1104,Graaff's Pool,18.3881100005913,-33.9131139997725
1105,Boat Bay,18.3866959997955,-33.9158639995238
1106,Sea Point Pool,18.3851989994983,-33.9186490003524
1107,Cassel,18.3811700004587,-33.9202499996229
1108,Queens Beach,18.3797209992122,-33.9213680009049
1109,Three Anchor Bay,18.3983729997728,-33.9050849993603
1110,Lighthouse,18.4023039992292,-33.9009170003327
1111,Surrey,18.405254000339,-33.9000589998962
1112,Mouille Point,18.4086170006441,-33.8996609992446
1113,Granger,18.4129560003729,-33.9013029999365
1114,Noble Square,18.4194059999518,-33.9055429998105
1115,Aquarium,18.4169960006153,-33.9077149992754
1116,Marina,18.4208809992531,-33.9113889989995
1117,Amsterdam,18.4230520002641,-33.9123590004858
1118,Marina,18.4207849997543,-33.9114809991947
1119,Aquarium,18.4176210009547,-33.9071430000312
1120,Noble Square,18.4194230006662,-33.9061370004626
1121,Granger,18.4121849998637,-33.9007959997277
1122,Mouille Point,18.4086999988783,-33.8996540002817
1123,Surrey,18.4048540004533,-33.9001750001872
1124,Lighthouse,18.4017419990486,-33.9010800001839
1125,Three Anchor Bay,18.3985169999539,-33.9045780002363
1126, ,18.4643640000447,-33.9276580004361
1127, ,18.4648140001766,-33.9293300003734
1128, ,18.4588539997053,-33.9289230005272
1129, ,18.4572700000171,-33.9300039998017
1130, ,18.4529220004481,-33.9318329999772
1131, ,18.4516380008719,-33.9347480000674
1132, ,18.4510610003701,-33.9375940003336
1133, ,18.4489979995459,-33.9360439998721
1134, ,18.4469580000615,-33.9348339996708
1135, ,18.4431889992945,-33.934494000662
1136, ,18.4387299998277,-33.9330900002417
1137, ,18.4352079995233,-33.931468999034
1138, ,18.4307110000758,-33.9296909999239
1139,CPUT,18.4307110000758,-33.9296909999239
1140,District Six,18.4352079995233,-33.931468999034
1141,Zonnebloem,18.4387299998277,-33.9330900002417
1142,Coronation West,18.4431889992945,-33.934494000662
1143,Coronation East,18.4469580000615,-33.9348339996708
1144,Upper Mountain,18.4489979995459,-33.9360439998721
1145,Upper Roodebloem,18.4510610003701,-33.9375940003336
1146,Balfour,18.4516380008719,-33.9347480000674
1147,Lawley,18.4529220004481,-33.9318329999772
1148,Upper Salt River,18.4572700000171,-33.9300039998017
1149,Kent,18.4588539997053,-33.9289230005272
1150,Spencer,18.4648140001766,-33.9293300003734
1151,Salt River Rail,18.4643640000447,-33.9276580004361
1152,Darling,18.4222719995466,-33.9238660001151
1153,Hanover Street,18.4281050005458,-33.9280229997121
1154,The Castle,18.4256139997009,-33.9263069992623
1155,Adderley,18.4246760007703,-33.9208449996091
1156,Civic Centre,18.4297220007067,-33.9207180002612
1157,Darling,18.42277699993,-33.9242480006986
1158,Chester East,18.446571999528,-33.9355369988898
1159,Civic Centre,18.4297489992939,-33.9207379998985
1160,Salt River Rail,18.4643640000447,-33.9276580004361
1161,Kent,18.4586740005096,-33.9290460003949
1162,Upper Salt River,18.4569000009153,-33.9302569993
1163,Lawley,18.4530100001266,-33.9317090000588
1164,Balfour,18.4516400001035,-33.9347420000969
1165,Upper Roodebloem,18.4511069994535,-33.9373730011211
1166,Upper Mountain,18.4490370001266,-33.937214000146
1167,Chester West,18.4416050001559,-33.9342430000581
1168,Zonnebloem,18.4391029996585,-33.9332819998368
1169,District Six,18.4345280007295,-33.931360000197
1170,CPUT,18.4303809995091,-33.9296829997604
1171,Hanover Street,18.4278929998583,-33.9280230000455
1172,The Castle,18.4258459998548,-33.9264749998212
1173,Adderley,18.4244999997864,-33.9207360003381
1174,Civic Centre,18.4297220007067,-33.9207180002612
1175,Adderley,18.4249320005171,-33.9205990000783
1176,Darling,18.4222719995466,-33.9238660001151
1177,Lower Buitenkant,18.4247940000938,-33.9264929998302
1178,Montrose,18.4114410003133,-33.9412810001579
1179,Upper Kloof,18.4050990003971,-33.9362280000492
1180,Welgemeend,18.4071380012187,-33.9345130001906
1181,Van Riebeeck,18.4100060011514,-33.93390300007
1182,Roeland,18.421177000587,-33.9299719996647
1183,Roodehek,18.4198380005092,-33.9323019996221
1184,Gardens,18.4195719999797,-33.9339760002081
1185,Gardens,18.4195300006187,-33.9342380001388
1186,Annandale,18.4151430007748,-33.933666999878
1187,De Waal Park,18.4141129990886,-33.9378630001099
1188,Upper Orange,18.4141110007472,-33.9406600003143
1189,Molteno,18.4090989998073,-33.9403960008491
1190,Rayden,18.409822000041,-33.9370770005172
1191,Lower Reservoir,18.4122139990915,-33.935180999678
1192,Annandale,18.4147980000129,-33.9330999993652
1193,Civic Centre,18.4297489992939,-33.9207379998985
1194,Adderley,18.424797999982,-33.9204550007084
1195,Darling,18.42277699993,-33.9242480006986
1196,Lower Buitenkant,18.424658999454,-33.926619999858
1197,Roeland,18.4212109997143,-33.9297659999033
1198,Roodehek,18.4201239992375,-33.9316510004856
1199,Gardens,18.4195300006187,-33.9342380001388
1200,St Bedes,18.3994509992191,-33.9104439998065
1201,Ravenscraig,18.4037319998953,-33.9104329998012
1202,Ben Nevis,18.4067709992137,-33.9106110000142
1203,Skye Way,18.4088560000324,-33.9110099999101
1204,High Level,18.4122349998308,-33.9121960003265
1205,Old Fire Station,18.4168319998523,-33.9172249993746
1206,Strand,18.4201970006488,-33.9197500006441
1207,Civic Centre,18.4297489992939,-33.9207379998985
1208,Adderley,18.424797999982,-33.9204550007084
1209,Queens Beach,18.3797209992122,-33.9213680009049
1210,Disandt,18.3858519995434,-33.9228439997626
1211,Fresnaye,18.3884360004615,-33.9219359997088
1212,Irwinton,18.3895649997141,-33.9203239995644
1213,The Glen,18.3918130005202,-33.917435999998
1214,Albany,18.3933610000397,-33.9155479999136
1215,Rhine,18.3955059994918,-33.9129339998051
1216,St Bedes,18.3994119996858,-33.9104449996929
1217,Ravenscraig,18.4033900004563,-33.9104120001372
1218,Ben Nevis,18.4063600008843,-33.9105869997435
1219,Skye Way,18.4088670002275,-33.9110130001454
1220,High Level,18.4119130000544,-33.9120520001045
1221,Old Fire Station,18.4170359992658,-33.9175219996306
1222,Queens Beach,18.3797209992122,-33.9213680009049
1223,Tramway,18.3812290002058,-33.9221950001056
1224,Kei Apple,18.3831160002194,-33.9211469997388
1225,Strand,18.4209009995896,-33.9204329997289
1226,Rhine,18.3960690005736,-33.9122730004509
1227,Albany,18.3937739998464,-33.9150430003711
1228,The Glen,18.3923440006589,-33.9167970001001
1229,Irwinton,18.3908770005838,-33.9185779997386
1230,Fresnaye,18.3885930003972,-33.9217130003518
1231,Disandt,18.3864669996946,-33.9231439997469
1232,Kloof,18.3834340000367,-33.9242350003251
1233,Brevity Lane,18.3819020000422,-33.9244209996123
1234,Foreshore,18.4310769995807,-33.9178450002483
1235,Amsterdam,18.4230520002641,-33.9123590004858
1236,Adderley,18.4249320005171,-33.9205990000783
1237,Civic Centre,18.4297489992939,-33.9207379998985
1238,Groot Kerk,18.4211569999267,-33.9240659996739
1239,Dorp,18.4175249991247,-33.923932999696
1240,Upper Long,18.4146569994686,-33.9265390000035
1241,Lower Kloof,18.4120930000834,-33.9286190002711
1242,Prima,18.3871390007401,-33.9551230006133
1243,Plattekloof,18.3871739992387,-33.9565079996607
1244,Horak,18.386005999324,-33.9583160006007
1245,Ravensteyn,18.3849119995519,-33.9571750006426
1246,Fiskaal,18.3827039998063,-33.9587340007121
1247,Chas Booth,18.3819240002869,-33.9603780002396
1248,Susan,18.3809259992674,-33.9638210004535
1249,Rontree,18.3799589999031,-33.9632829988968
1250,Houghton,18.3785250000401,-33.9599109997722
1251,Whale Rock,18.3770750007771,-33.9532790005971
1252,Lower Camps Bay,18.3777450006163,-33.9555279996372
1253,Camps Bay,18.3788370002289,-33.9500120003367
1254,Camps Bay,18.3788370002289,-33.9500120003367
1255,Quebec,18.3837330006121,-33.9526039998737
1256,Woodford,18.3850839996482,-33.9505079995378
1257,Athol,18.3860879994731,-33.9494570007615
1258,Comrie,18.3878269995414,-33.9488820002927
1259,Dal,18.3918210002629,-33.9469149999736
1260,Kloof Nek,18.3947930005458,-33.9420790004768
1261,Cotswold,18.4018710006202,-33.9352719991025
1262,St Michael's,18.4046990003316,-33.9329010007267
1263,Belle Ombre,18.4069030004048,-33.9308979996104
1264,Ludwig's Garden,18.410099999529,-33.9304250004867
1265,Lower Kloof,18.4122000001161,-33.9285160003709
1266,Upper Loop,18.4139830010422,-33.9261010001467
1267,Leeuwen,18.4163189997971,-33.923955999552
1268,Groot Kerk,18.4212200002101,-33.9238359994181
1269,Adderley,18.424797999982,-33.9204550007084
1270,Civic Centre,18.4297489992939,-33.9207379998985
1271,Foreshore,18.4302909997931,-33.9183560000351
1272,Amsterdam,18.4229600004019,-33.9126470000937
1273,Waterfront Silo,18.4235400011664,-33.9094070002069
1274,Waterfront Silo,18.4235400011664,-33.9094070002069
1275,Houghton,18.3783250010624,-33.960667999653
1276,Lower Camps Bay,18.3777449997897,-33.9555300001385
1277,Camps Bay,18.3781790003425,-33.9512440000717
1278,Rontree,18.3781320003106,-33.9624400001721
1279,Fiskaal,18.3829970001083,-33.9586210004566
1280,Ravensteyn,18.3851010004527,-33.9565480000412
1281,Dal,18.3918210002629,-33.9469149999736
1282,Kloof Nek,18.3947930005458,-33.9420790004768
1283,Cotswold,18.4018710006202,-33.9352719991025
1284,St Michael's,18.4046990003316,-33.9329010007267
1285,Belle Ombre,18.4069030004048,-33.9308979996104
1286,Ludwig's Garden,18.410099999529,-33.9304250004867
1287,Lower Kloof,18.4122000001161,-33.9285160003709
1288,Upper Loop,18.4139830010422,-33.9261010001467
1289,Leeuwen,18.4163189997971,-33.923955999552
1290,Groot Kerk,18.4212200002101,-33.9238359994181
1291,Adderley,18.424797999982,-33.9204550007084
1292,Civic Centre,18.4297489992939,-33.9207379998985
1293,Foreshore,18.4302909997931,-33.9183560000351
1294,Amsterdam,18.4229600004019,-33.9126470000937
1295,Waterfront Silo,18.4235400011664,-33.9094070002069
1296,Quebec,18.3821060002188,-33.9520999996266
1297,Camps Bay,18.3788440001885,-33.9499990004972
1298,Lower Kloof,18.4120930000834,-33.9286190002711
1299,Upper Long,18.4146569994686,-33.9265390000035
1300,Dorp,18.4175249991247,-33.923932999696
1301,Adderley,18.4249320005171,-33.9205990000783
1302,Groot Kerk,18.4211569999267,-33.9240659996739
1303,Civic Centre,18.4297489992939,-33.9207379998985
1304,Foreshore,18.4310769995807,-33.9178450002483
1305,Amsterdam,18.4230520002641,-33.9123590004858
1306,Waterfront Silo,18.4235400011664,-33.9094070002069
1307,Ludwig's Garden,18.409389000289,-33.9299949994709
1308,Belle Ombre,18.4070730000141,-33.9307419990783
1309,St Michael's,18.4042999997136,-33.9332639992084
1310,Cotswold,18.4015880008904,-33.9354810004878
1311,Kloof Nek,18.3952199993326,-33.9418379998217
1312,Dal,18.3918200002431,-33.9469170000382
1313,Comrie,18.3875270005946,-33.9496110006048
1314,Athol,18.3864120009373,-33.9497479997609
1315,Woodford,18.3845079994397,-33.9518760000543
1316,Civic Centre,18.4297220007067,-33.9207180002612
1317,Racecourse,18.5003670006396,-33.8613840007859
1318,Sunset Beach,18.4963090004082,-33.853301999943
1319,Table View,18.4888339991628,-33.8247679996143
1320,Wood,18.5067490002697,-33.8294989994717
1321, ,18.5067490002697,-33.8294989994717
1322, ,18.4888339991628,-33.8247679996143
1323, ,18.4963090004082,-33.853301999943
1324, ,18.5003670006396,-33.8613840007859
1325, ,18.4297220007067,-33.9207180002612
1326,Waterfront,18.4210469997644,-33.9017760006923
1327,Waterfront,18.4210409997076,-33.9018850005661
1328,Racecourse,18.5003609996097,-33.8613909997272
1329,Sunset Beach,18.4963030002782,-33.8532740001111
1330,Table View,18.4888339991628,-33.8247679996143
1331,Wood,18.5067759992843,-33.8295060001695
1332,Janssens,18.5013710001693,-33.8280930000079
1333,Circle East,18.5142150001529,-33.8316039994055
1334,Potsdam,18.5261649992255,-33.8333139999836
1335,Killarney,18.5309619991107,-33.8239569990617
1336,Dunoon,18.5370169996157,-33.8158320001019
1337,Usasaza,18.5397810003343,-33.8127060001774
1338,Grey,18.4966279995796,-33.8268199999645
1339,Milnerton,18.4955079993025,-33.8719439998306
1340,Woodbridge,18.4913260000402,-33.8833109999647
1341,Lagoon Beach,18.4854010002602,-33.8916320003603
1342,Zoarvlei,18.4808459992055,-33.9007620007624
1343,Vrystaat,18.4765550002174,-33.9072950000173
1344,Section,18.4725419989822,-33.9118649995669
1345,Neptune,18.469768000397,-33.915004000258
1346,Paarden Eiland,18.4671549996032,-33.917894000509
1347,Woodstock,18.4464840006556,-33.9231180002829
1348,Thibault Square,18.4241670005728,-33.91876699988
1349,Stadium,18.4122939998315,-33.9080959994602
1350,Granger Bay,18.4148659999743,-33.9044769995946
1351,Civic Centre,18.4297489992939,-33.9207379998985
1352,Granger Bay,18.4148680001935,-33.9044759993994
1353,Stadium,18.4122950000061,-33.90809599975
1354,Thibault Square,18.4241670005728,-33.91876699988
1355,Woodstock,18.4464870002779,-33.9231169995768
1356,Paarden Eiland,18.4671490000176,-33.9178989997622
1357,Neptune,18.469768000397,-33.915004000258
1358,Section,18.4725430006508,-33.9118639995554
1359,Vrystaat,18.4765560004172,-33.9072949997841
1360,Zoarvlei,18.4808420000939,-33.9007609993256
1361,Lagoon Beach,18.4853970002558,-33.8916379998074
1362,Woodbridge,18.4913260003262,-33.8833080004152
1363,Milnerton,18.4954139996948,-33.8719029993593
1364,Grey,18.496639000096,-33.8268229994003
1365,Janssens,18.501349000733,-33.828087999156
1366,Circle East,18.5143040002946,-33.8313510002549
1367,Potsdam,18.5260900003014,-33.833289999619
1368,Killarney,18.5309619991107,-33.8239569990617
1369,Dunoon,18.5370169996157,-33.8158320001019
1370,Usasaza,18.5397859992076,-33.8127019994647
1371,Dunoon,18.5370169996157,-33.8158320001019
1372,Wood,18.5067490002697,-33.8294989994717
1373,Table View,18.4888339991628,-33.8247679996143
1374,Racecourse,18.5003670006396,-33.8613840007859
1375,Woodstock,18.4464840006556,-33.9231180002829
1376,Civic Centre,18.4297220007067,-33.9207180002612
1377,Civic Centre,18.4297489992939,-33.9207379998985
1378,Woodstock,18.4464870002779,-33.9231169995768
1379,Racecourse,18.5003609996097,-33.8613909997272
1380,Table View,18.4888339991628,-33.8247679996143
1381,Wood,18.5067759992843,-33.8295060001695
1382,Waterville,18.4876089996928,-33.8040279996613
1383,Nantucket,18.4887159992659,-33.8061069994371
1384,Valderrama,18.4898749997672,-33.8100240001545
1385,Garden,18.4928600000654,-33.814228999017
1386,St Johns Wood,18.4971519996045,-33.8165880004275
1387,Echium,18.4942959988026,-33.8204370009558
1388,Briza,18.4912220006709,-33.8225949995563
1389,Popham,18.4835329996774,-33.8234130004706
1390,Tritonia,18.4783480005035,-33.8207439997118
1391,Viola,18.4793879996697,-33.8184869990632
1392,Blouberg Rise,18.4784449999879,-33.8142460001453
1393,Stirling,18.4764989994824,-33.812887000371
1394,West Beach,18.4784919999585,-33.8107559999804
1395,Cabin,18.4781879992302,-33.8082750002474
1396,Blouberg Sands,18.4758410003397,-33.8042649998167
1397,Radar,18.4783139998314,-33.7999050002363
1398,Tryall,18.4839869994971,-33.7975049990293
1399,Oakland Hills,18.48662600032,-33.799775000269
1400,Popham,18.4843600006461,-33.8235169998394
1401,Table View,18.4888339991628,-33.8247679996143
1402,Briza,18.4910550004413,-33.8227429999711
1403,Echium,18.4937109996397,-33.8207389999268
1404,Waterville,18.4872840011552,-33.8036589999066
1405,Oakland Hills,18.4869530005997,-33.8003440001617
1406,Tryall,18.4839889995911,-33.7975039994121
1407,Radar,18.4782170000137,-33.7999400001783
1408,Blouberg Sands,18.475844999393,-33.8039410007069
1409,Cabin,18.4782739993492,-33.8082760003779
1410,West Beach,18.4789130000917,-33.8105370003622
1411,Stirling,18.4762239991756,-33.8125560003442
1412,Blouberg Rise,18.4784670004348,-33.8142700004815
1413,Viola,18.4791400004718,-33.8186330002259
1414,Marine Circle,18.4787310004617,-33.8220449997787
1415,Link,18.4969480001244,-33.8160150004131
1416,Garden,18.4929030000706,-33.8147400002967
1417,Valderrama,18.4898469996548,-33.809836999657
1418,Nantucket,18.4885870002136,-33.8058809995248
1419,Table View,18.4888339991628,-33.8247679996143
1420,Braseltown,18.49261900041,-33.8027459998762
1421,Woodlands,18.4959119996852,-33.8018379997734
1422,Wandsworth,18.5076420003237,-33.8007559997564
1423,Gie North,18.5118219996771,-33.8043719997209
1424,Hamptons,18.5141259994676,-33.8062999999275
1425,Gie Central,18.5187069998857,-33.8134469993635
1426,Earlswood,18.5192989998538,-33.8174730000754
1427,Pinto,18.5184420001899,-33.8217759997442
1428,Gie South,18.5170329999885,-33.8252199992972
1429,Bitten,18.5130299994632,-33.8243199993435
1430,Wood,18.5067759992843,-33.8295060001695
1431,Merlot,18.5081350006934,-33.8245369998111
1432,Waterville,18.4876089996928,-33.8040279996613
1433,Wood,18.5067490002697,-33.8294989994717
1434,Merlot,18.508218999708,-33.8243139999873
1435,Bitten,18.5132600008225,-33.8243809996511
1436,Gie South,18.5168560002703,-33.825312000362
1437,Pinto,18.5185069996264,-33.8216219998283
1438,Earlswood,18.5193270007132,-33.8172810000997
1439,Gie Central,18.5188250001808,-33.8136619995347
1440,Hamptons,18.5139129999451,-33.8061690000278
1441,Gie North,18.5116999993815,-33.8042079996296
1442,Wandsworth,18.5068160002655,-33.8007310007293
1443,Braselton,18.4930719995473,-33.8025910011515
1444,Woodlands,18.4974070001726,-33.8015599999614
1445,Waterville,18.4872840011552,-33.8036589999066
1446,Waterville,18.4876089996928,-33.8040279996613
1447,Nantucket,18.4887159992659,-33.8061069994371
1448,Humewood,18.4941900010993,-33.8050589991
1449,Devonshire,18.4997950003935,-33.8067019998221
1450,Wood North,18.5038460005752,-33.8055059998565
1451,Ravenswood,18.5047329995386,-33.809922998955
1452,Wood Central,18.507375999132,-33.8144810010508
1453,Muscadel,18.5095490004698,-33.8205329993375
1454,Merlot,18.5081350006934,-33.8245369998111
1455,Wood,18.5067759992843,-33.8295060001695
1456,Wood,18.5067490002697,-33.8294989994717
1457,Merlot,18.508218999708,-33.8243139999873
1458,Nantucket,18.4885870002136,-33.8058809995248
1459,Waterville,18.4872840011552,-33.8036589999066
1460,Wood Central,18.5071239997076,-33.8140849999488
1461,Muscadel,18.5095390010791,-33.8207349999896
1462,Ravenswood,18.5047490007547,-33.8099709999232
1463,Wood North,18.5039090008108,-33.8056969992791
1464,Devonshire,18.4992020004599,-33.8069469999893
1465,Humewood,18.4947119995549,-33.805040999782
1466,Table View,18.4888339991628,-33.8247679996143
1467,Popham,18.4835329996774,-33.8234130004706
1468,Marine Circle,18.4778549993988,-33.8219060004263
1469,Seal,18.4721130008635,-33.8149850003849
1470,Shell,18.4699660003311,-33.8118299996998
1471,Perlemoen,18.4667140001647,-33.8074159994189
1472,Bokkombaai,18.4629589994527,-33.8035689993888
1473,Kleinbaai,18.4603000002166,-33.7987500005278
1474,De Mist,18.4595670004057,-33.7960699995608
1475,Melkbosstrand,18.4423399996427,-33.730857999922
1476,Melkbosch,18.4523679999288,-33.7250150002965
1477,Big Bay,18.4587709995672,-33.7927950000149
1478,Marine,18.460512999517,-33.7924629998319
1479,Water's Edge,18.4566379995575,-33.788749999924
1480,La Paloma,18.4523870006417,-33.7815990008906
1481,Hol Bay,18.4422530002222,-33.7463820000968
1482,Melbosstrand,18.4423630005377,-33.7308330005426
1483,Melkbosch,18.4523680001527,-33.7250170000231
1484,Hol Bay,18.4422659999004,-33.7468870007737
1485,La Paloma,18.4527500001009,-33.7821819994949
1486,Water's Edge,18.458015999971,-33.7896199993989
1487,Marine,18.4606420004157,-33.7924169991538
1488,Big Bay,18.4587709995672,-33.7927950000149
1489,De Mist,18.4599069996419,-33.796812999872
1490,Kleinbaai,18.4605709998267,-33.799496999902
1491,Bokkombaai,18.4627949998596,-33.803466999401
1492,Perlemoen,18.4661189999697,-33.8066150002361
1493,Shell,18.4701790000292,-33.8121260007315
1494,Seal,18.4722009994219,-33.8151330002702
1495,Marine Circle,18.4787310004617,-33.8220449997787
1496,Popham,18.4843600006461,-33.8235169998394
1497,Table View,18.4888339991628,-33.8247679996143
1498,Brittlestar,18.4527259991894,-33.7342530003814
1499,Atlantic Beach,18.4473369999113,-33.7322300003074
1500,Melkbosstrand,18.4423399996427,-33.730857999922
1501,Waratah,18.4560109998981,-33.7358130008295
1502,Atalantes,18.4474620006133,-33.7234839998526
1503,Robben,18.4456739997246,-33.7169140001237
1504,Hoffe South,18.4462870006566,-33.7112980001221
1505,Riebeeckstrand,18.4442969998128,-33.7056660003302
1506,Pelican,18.4437549998054,-33.7015820008546
1507,Hoffe North,18.4418520000673,-33.6969909996144
1508,Dunker,18.4427619995269,-33.6937439994174
1509,Edward,18.4427140000001,-33.6917659999599
1510,Narcissus,18.4444239999147,-33.6901650004093
1511,Human,18.448459999412,-33.6876570006353
1512,Kemp,18.4521959999311,-33.6852860006524
1513,Kemp,18.4521959999311,-33.6852860006524
1514,Le Sueur,18.4548519998714,-33.687031000516
1515,Losperds,18.4528020005997,-33.6899140003447
1516,Petrus,18.4502150006944,-33.6922400007736
1517,Raymond,18.4477820002513,-33.692553999351
1518,Waldeck,18.445559999748,-33.6945150003067
1519,Hoffe North,18.4417880003591,-33.6967119997196
1520,Pelican,18.4438089998534,-33.7017380000555
1521,Riebeeckstrand,18.4442200003339,-33.7053940002239
1522,Hoffe South,18.446226999503,-33.7114489991646
1523,Robben,18.4459400003494,-33.717905000352
1524,Atalantes,18.4475789996019,-33.7239290003056
1525,Melbosstrand,18.4423630005377,-33.7308330005426
1526,Atlantic Beach,18.4474030003139,-33.7322170005398
1527,Brittlestar,18.4527530005357,-33.7343000002794
1528,Waratah,18.4563649990803,-33.7358269997382
1529,Atlantis,18.4918230004362,-33.5638630002054
1530,Reygersdal,18.4940510008902,-33.5667140000898
1531,Charel Uys,18.4925570001202,-33.5696059996035
1532,Dahlia,18.489500000845,-33.5742289994345
1533,Starke,18.4872200001484,-33.579994999693
1534,Charel Uys South,18.4861070005382,-33.5836219998018
1535,John Dreyer,18.4916199999347,-33.5877789998323
1536,Johan Heyns,18.4897020006063,-33.5925299998885
1537,Industrial,18.4841139992816,-33.5967430000808
1538,Charles Piers,18.4812550010168,-33.5991310000482
1539,Louwtjie Rothman,18.4789530006831,-33.5975770005762
1540,Grosvenor,18.4909549998504,-33.5718420004405
1541,Louwtjie Rothman,18.478944000326,-33.5975689992101
1542,Charles Piers,18.4815180003217,-33.5989109996277
1543,Industrial,18.484500999066,-33.5964249996003
1544,Johan Heyns,18.4897229994228,-33.5925129997786
1545,John Dreyer,18.4918460008804,-33.588351999376
1546,Charel Uys South,18.486192000983,-33.5833559996784
1547,Starke,18.4872219998857,-33.5799879996143
1548,Dahlia,18.489433000224,-33.5743419995723
1549,Grosvenor,18.4905269999943,-33.5724959997814
1550,Charel Uys,18.4924149992296,-33.5698050003829
1551,Reygersdal,18.4939599991229,-33.5666700005712
1552,Atlantis,18.491651000577,-33.5639050003842
1553,Omuramba,18.5124509997956,-33.8682029998126
1554,Estuaries,18.5206060002768,-33.8844130007426
1555,Waterview,18.5202899992671,-33.8868539990876
1556,Waterford,18.5194269997343,-33.8890909999406
1557,Canal Walk North,18.5152400000411,-33.8926839993627
1558,Canal Walk South,18.510526000021,-33.8964820004323
1559,Grand Canal,18.5059120006001,-33.8941199999524
1560,Century City,18.5063389996187,-33.8915590000429
1561,Kunene,18.5125919997023,-33.8630590004036
1562,Dawn,18.5177519996852,-33.8551389996809
1563,Esso,18.5213279993004,-33.8584839996353
1564,First,18.5213200005287,-33.8620119999056
1565,Marconi,18.5196549990717,-33.8655150003061
1566,Bolt,18.5180669999902,-33.8681379995475
1567,Drill,18.5190560004666,-33.8732289995691
1568,Bosmansdam,18.5208869996638,-33.8784569998705
1569,Century Gate,18.5225119993868,-33.8819510000901
1570,Century City,18.5063430004298,-33.8915539997488
1571,Grand Canal,18.5061129999995,-33.8940810000262
1572,Canal Walk South,18.5107890008289,-33.8962819994836
1573,Canal Walk North,18.5154789989069,-33.8922760000012
1574,Waterford,18.5188339999064,-33.8895080000934
1575,Waterview,18.5200729996714,-33.8863949994904
1576,Estuaries,18.5204509999765,-33.8842769994386
1577,Century Gate,18.5224159998642,-33.8816059992257
1578,Omuramba,18.5124849994102,-33.8682210005325
1579,Bosmansdam,18.5207299996907,-33.8784739997424
1580,Drill,18.5194610003215,-33.8748949998107
1581,Bolt,18.5178400002243,-33.8698679998392
1582,Marconi,18.5192639999203,-33.8658400002041
1583,First,18.5212470007856,-33.861304000006
1584,Esso,18.5211160005532,-33.858150999592
1585,Montague Gardens,18.5159960000393,-33.8554670001728
1586,Kunene,18.5127159998096,-33.8633990000791
1587,Porterfield,18.4886030008114,-33.8150500005533
1588,Atlantis,18.491651000577,-33.5639050003842
1589,Sandown,18.4842739993967,-33.8069209999691
1590,Table View,18.4888339991628,-33.8247679996143
1591,Sunset Beach,18.4963090004082,-33.853301999943
1592,Racecourse,18.5003670006396,-33.8613840007859
1593,Milnerton,18.4955079993025,-33.8719439998306
1594,Woodbridge,18.4913260000402,-33.8833109999647
1595,Lagoon Beach,18.4854010002602,-33.8916320003603
1596,Zoarvlei,18.4808459992055,-33.9007620007624
1597,Vrystaat,18.4765550002174,-33.9072950000173
1598,Section,18.4725419989822,-33.9118649995669
1599,Neptune,18.469768000397,-33.915004000258
1600,Paarden Eiland,18.4671549996032,-33.917894000509
1601,Woodstock,18.4464840006556,-33.9231180002829
1602,Civic Centre,18.4297220007067,-33.9207180002612
1603,Civic Centre,18.4297489992939,-33.9207379998985
1604,Woodstock,18.4464870002779,-33.9231169995768
1605,Paarden Eiland,18.4671490000176,-33.9178989997622
1606,Neptune,18.469768000397,-33.915004000258
1607,Section,18.4725430006508,-33.9118639995554
1608,Vrystaat,18.4765560004172,-33.9072949997841
1609,Zoarvlei,18.4808420000939,-33.9007609993256
1610,Lagoon Beach,18.4853970002558,-33.8916379998074
1611,Woodbridge,18.4913260003262,-33.8833080004152
1612,Milnerton,18.4954139996948,-33.8719029993593
1613,Racecourse,18.5003609996097,-33.8613909997272
1614,Sunset Beach,18.4963030002782,-33.8532740001111
1615,Table View,18.4888339991628,-33.8247679996143
1616,Porterfield,18.4885540000921,-33.8150589998875
1617,Sandown,18.4842690001081,-33.8069110003287
1618,Atlantis,18.4918109998214,-33.5638499999132
1619,Century City,18.5063389996187,-33.8915590000429
1620,Sanddrift,18.5104089994598,-33.8837259993046
1621,Phoenix,18.5129279999411,-33.8723870007131
1622,Omuramba,18.5124509997956,-33.8682029998126
1623,Refinery,18.5203000009037,-33.8486609998594
1624,Montague Gardens,18.5159960000393,-33.8554670001728
1625,Potsdam,18.5261649992255,-33.8333139999836
1626,Killarney,18.5309619991107,-33.8239569990617
1627,Dunoon,18.5370169996157,-33.8158320001019
1628,Usasaza,18.5397810003343,-33.8127060001774
1629,Turf Club,18.5111290000048,-33.8626109999293
1630,Century City,18.5063430004298,-33.8915539997488
1631,Sandrift,18.510278000472,-33.883717999944
1632,Phoenix,18.5129229990451,-33.8723949995826
1633,Omuramba,18.5124849994102,-33.8682210005325
1634,Turf Club,18.5110130002657,-33.8625659993109
1635,Montague Gardens,18.5158240000427,-33.8554830008772
1636,Refinery,18.5201719990869,-33.8486259996493
1637,Potsdam,18.5260900003014,-33.833289999619
1638,Killarney,18.5309619991107,-33.8239569990617
1639,Dunoon,18.5370169996157,-33.8158320001019
1640,Usasaza,18.5397859992076,-33.8127019994647
1641,Hill,18.402539000297,-33.9077850000033
1642,Ellerslie,18.3979579995477,-33.9080810003934
1643,Camberwell,18.3963869995217,-33.9088879995556
1644,Sea Point High,18.3937649999626,-33.9110529992788
1645,Firmount,18.3925110001166,-33.9125080004854
1646,Sea Point,18.3902250004818,-33.9151749996981
1647,Arthur's,18.3882970002601,-33.9174409999515
1648,Clarens,18.3859190005375,-33.9193779994529
1649,Kei Apple,18.3835090004145,-33.9208989999603
1650,Tramway,18.3817150011423,-33.9219299996261
1651,Koosani,18.3798880004992,-33.9240970003026
1652,Bantry Bay,18.3785179992411,-33.9270790003245
1653,Hangberg,18.3420669993576,-34.0542399990613
1654,Oceana,18.345269999873,-34.0563380003299
1655,Atlantic Skipper,18.3465420006577,-34.054782000266
1656,Fishmarket,18.3454740005308,-34.0493229997571
1657,Northshore,18.3480060001665,-34.0470150006963
1658,Lower Victoria,18.3505209993721,-34.0429359997867
1659,Oxford Earl,18.3501250005025,-34.0399699997441
1660,Lancaster,18.3492220003861,-34.0364200003515
1661,Daphne,18.3480539995445,-34.0326570008849
1662,Helgarda,18.3496890014222,-34.0277110002855
1663,Ruyteplaats,18.3499690003786,-34.0133529997216
1664,Mount Rhodes,18.3511980000198,-34.019586999714
1665,Llandudno,18.3475250010866,-34.0066500008933
1666,Oudekraal,18.3509879998344,-33.9883709995068
1667,Koeel Bay,18.3713890006435,-33.9705009997223
1668,Bakoven,18.3736729991104,-33.962976999847
1669,Barley Bay,18.3772460007013,-33.958892000125
1670,Whale Rock,18.3770750007771,-33.9532790005971
1671,Camps Bay,18.3788370002289,-33.9500120003367
1672,Glen Beach,18.3786329991531,-33.9470509995362
1673,Maidens Cove,18.3762849995792,-33.9442739997395
1674,Clifton 4th,18.3755000001818,-33.9417730001698
1675,Clifton 3rd,18.3771490002746,-33.9401289997269
1676,Clifton 2nd,18.3782850007298,-33.9370509995147
1677,Clifton,18.3781339999022,-33.9335040005793
1678,Wigtown,18.4064319993346,-33.9075200004827
1679,Upper Portswood,18.4132060005635,-33.9091899993043
1680,Gallows Hill,18.4162460009119,-33.9119759998731
1681,Alfred,18.4185569989204,-33.915970000127
1682,Riebeeck,18.4209429996297,-33.9182149993043
1683,Hill,18.402539000297,-33.9077850000033
1684,Adderley,18.424797999982,-33.9204550007084
1685,Camberwell,18.395823999871,-33.909212000656
1686,Ellerslie,18.3982969996721,-33.9081660004678
1687,Hill,18.4033770004586,-33.9078160003909
1688,Wigtown,18.4069919997801,-33.9075720002066
1689,Upper Portswood,18.4130879999117,-33.9092099997766
1690,Gallows Hill,18.41610500041,-33.9119829995538
1691,Riebeeck,18.4208299999154,-33.9182909992134
1692,Alfred,18.4182180002972,-33.9152949996746
1693,Ellerslie,18.3979579995477,-33.9080810003934
1694,Hangberg,18.3415370004251,-34.0539939997697
1695,Oceana,18.3447850012717,-34.0558579995858
1696,Atlantic Skipper,18.346382000966,-34.0545549992986
1697,Fishmarket,18.3454879995194,-34.0493060002581
1698,Northshore,18.3480329995471,-34.0469919997113
1699,Lower Victoria,18.3505519999886,-34.0431720001228
1700,Oxford Earl,18.350097000114,-34.0397639999588
1701,Lancaster,18.3492690004293,-34.0365430003709
1702,Daphne,18.3480710002079,-34.033550000609
1703,Helgarda,18.3495679996595,-34.0279849990298
1704,Mount Rhodes,18.3512359990335,-34.0199300001118
1705,Ruyteplaats,18.3501319998212,-34.0142840007992
1706,Llandudno,18.3475010001872,-34.0055639998817
1707,Oudekraal,18.3505719996998,-33.9883820004595
1708,Koeel Bay,18.3715369995037,-33.9708969996334
1709,Bakoven,18.3735500005132,-33.9631389998222
1710,Barley Bay,18.3769110005934,-33.9592080002207
1711,Whale Rock,18.3765399997311,-33.9551280004019
1712,Camps Bay,18.3781790003425,-33.9512440000717
1713,Glen Beach,18.3789519999922,-33.9485560002664
1714,Maidens Cove,18.3766870003267,-33.9447499997833
1715,Clifton 4th,18.3757489994495,-33.9415250007087
1716,Clifton 3rd,18.377448000192,-33.9398279995953
1717,Clifton 2nd,18.3782660000181,-33.9374800004852
1718,Clifton,18.378172000786,-33.9336360001645
1719,Bantry Bay,18.3789920009082,-33.926478999148
1720,Koosani,18.379502000509,-33.9244340002668
1721,Adderley,18.4246760007703,-33.9208449996091
1722,Sea Point High,18.3940839998056,-33.9106879998296
1723,Firmount,18.3919019992448,-33.9132229998792
1724,Sea Point,18.3900130003611,-33.9154209996735
1725,Arthur's,18.3879370007094,-33.9178660004738
1726,Clarens,18.3856609995649,-33.9195399996765
1727,Kei Apple,18.3831160002194,-33.9211469997388
1728,Tramway,18.3812290002058,-33.9221950001056
1729,Camberwell,18.3963869995217,-33.9088879995556
1730,Sea Point High,18.3937649999626,-33.9110529992788
1731,Firmount,18.3925110001166,-33.9125080004854
1732,Sea Point,18.3902250004818,-33.9151749996981
1733,Arthur's,18.3882970002601,-33.9174409999515
1734,Clarens,18.3859190005375,-33.9193779994529
1735,Kei Apple,18.3835090004145,-33.9208989999603
1736,Tramway,18.3817150011423,-33.9219299996261
1737,Koosani,18.3798880004992,-33.9240970003026
1738,Bantry Bay,18.3785179992411,-33.9270790003245
1739,Hill,18.4033770004586,-33.9078160003909
1740,Ellerslie,18.3982969996721,-33.9081660004678
1741,Camberwell,18.395823999871,-33.909212000656
1742,Valley,18.3509859998886,-34.0304760004454
1743,Imizamo Yethu,18.3556970000723,-34.0299109998565
1744,Berg-en-Dal,18.3571790000445,-34.0366619995896
1745,Scott,18.3587990008604,-34.0395460001202
1746,Military,18.3593710004389,-34.0426450002502
1747,Hout Bay,18.3590409999789,-34.0453169989277
1748,Helgarda,18.3496890014222,-34.0277110002855
1749,Ruyteplaats,18.3499690003786,-34.0133529997216
1750,Mount Rhodes,18.3511980000198,-34.019586999714
1751,Llandudno,18.3475250010866,-34.0066500008933
1752,Oudekraal,18.3509879998344,-33.9883709995068
1753,Koeel Bay,18.3713890006435,-33.9705009997223
1754,Bakoven,18.3736729991104,-33.962976999847
1755,Barley Bay,18.3772460007013,-33.958892000125
1756,Whale Rock,18.3770750007771,-33.9532790005971
1757,Camps Bay,18.3788370002289,-33.9500120003367
1758,Glen Beach,18.3786329991531,-33.9470509995362
1759,Maidens Cove,18.3762849995792,-33.9442739997395
1760,Clifton 4th,18.3755000001818,-33.9417730001698
1761,Clifton 3rd,18.3771490002746,-33.9401289997269
1762,Clifton 2nd,18.3782850007298,-33.9370509995147
1763,Clifton,18.3781339999022,-33.9335040005793
1764,Wigtown,18.4064319993346,-33.9075200004827
1765,Upper Portswood,18.4132060005635,-33.9091899993043
1766,Gallows Hill,18.4162460009119,-33.9119759998731
1767,Alfred,18.4185569989204,-33.915970000127
1768,Riebeeck,18.4209429996297,-33.9182149993043
1769,Adderley,18.424797999982,-33.9204550007084
1770,Wigtown,18.4069919997801,-33.9075720002066
1771,Upper Portswood,18.4130879999117,-33.9092099997766
1772,Gallows Hill,18.41610500041,-33.9119829995538
1773,Riebeeck,18.4208299999154,-33.9182909992134
1774,Alfred,18.4182180002972,-33.9152949996746
1775,Llandudno,18.3475010001872,-34.0055639998817
1776,Oudekraal,18.3505719996998,-33.9883820004595
1777,Koeel Bay,18.3715369995037,-33.9708969996334
1778,Bakoven,18.3735500005132,-33.9631389998222
1779,Barley Bay,18.3769110005934,-33.9592080002207
1780,Whale Rock,18.3765399997311,-33.9551280004019
1781,Camps Bay,18.3781790003425,-33.9512440000717
1782,Glen Beach,18.3789519999922,-33.9485560002664
1783,Maidens Cove,18.3766870003267,-33.9447499997833
1784,Clifton 4th,18.3757489994495,-33.9415250007087
1785,Clifton 3rd,18.377448000192,-33.9398279995953
1786,Clifton 2nd,18.3782660000181,-33.9374800004852
1787,Clifton,18.378172000786,-33.9336360001645
1788,Bantry Bay,18.3789920009082,-33.926478999148
1789,Koosani,18.379502000509,-33.9244340002668
1790,Adderley,18.4246760007703,-33.9208449996091
1791,Sea Point High,18.3940839998056,-33.9106879998296
1792,Firmount,18.3919019992448,-33.9132229998792
1793,Sea Point,18.3900130003611,-33.9154209996735
1794,Arthur's,18.3879370007094,-33.9178660004738
1795,Clarens,18.3856609995649,-33.9195399996765
1796,Kei Apple,18.3831160002194,-33.9211469997388
1797,Tramway,18.3812290002058,-33.9221950001056
1798,Hout Bay,18.359059999415,-34.0453150002749
1799,Military,18.3593729997549,-34.0426260002957
1800,Scott,18.358956999181,-34.039834999855
1801,Berg-en-Dal,18.3575249992267,-34.0372770001767
1802,Imizamo Yethu,18.3552169995743,-34.0299559999855
1803,Valley,18.3515060000869,-34.0303970009593
1804,Ruyteplaats,18.3501319998212,-34.0142840007992
1805,Mount Rhodes,18.3512359990335,-34.0199300001118
1806,Helgarda,18.3495840004588,-34.0279870002426
1807,Civic Centre,18.4297489992939,-33.9207379998985
1808,Airport,18.5952159993637,-33.969176000184
1809,Airport,18.5952159993637,-33.969176000184
1810,Civic Centre,18.4297220007067,-33.9207180002612
